driver_age,annual_mileage,vehicle_age,male,urban_area,prior_claims,claims
40.9,19168,5,1,0,0,0
50.8,19569,6,1,1,0,0
24.7,15549,4,0,0,0,3
34.0,20381,4,1,1,0,4
40.8,13028,8,0,0,0,0
67.8,8598,6,1,1,0,1
58.7,10278,8,1,1,0,0
39.5,26220,8,1,0,0,6
51.2,12604,8,0,0,0,1
44.5,9442,9,0,1,0,0
29.5,14902,4,0,1,0,0
32.1,20337,6,0,1,0,4
29.4,17389,3,1,1,0,3
40.9,15184,7,1,0,1,2
43.9,19313,5,1,0,1,4
20.5,15307,1,0,1,0,0
54.8,9248,6,0,1,0,0
42.4,10876,6,1,0,0,1
40.0,18625,5,1,1,0,4
38.1,8227,6,1,0,0,0
61.1,12611,6,1,0,0,4
39.7,18385,4,0,1,0,3
39.8,12035,4,0,0,1,0
50.6,20812,10,1,1,0,5
42.0,11723,6,0,0,0,1
51.4,11170,4,1,1,0,0
43.0,21714,3,1,1,1,0
42.8,8090,7,1,1,0,0
56.4,2294,6,1,0,1,0
41.3,10807,5,1,1,0,0
31.2,14725,4,1,1,1,2
26.9,15214,8,1,0,1,3
42.7,19521,5,1,1,0,4
30.4,14836,6,0,1,0,0
51.0,9455,4,0,0,0,0
45.3,12984,6,0,1,0,3
38.3,10071,5,1,1,0,2
34.2,11545,3,0,0,1,4
41.1,18770,4,1,1,0,2
49.1,14759,4,0,1,0,0
52.3,15451,10,1,1,0,3
27.7,23288,4,0,0,1,4
64.8,16066,5,1,0,0,0
34.3,9205,3,0,1,1,0
27.8,11370,3,1,0,0,0
60.6,15284,4,1,0,0,2
56.6,7461,5,0,1,0,0
53.2,20523,5,0,1,0,3
33.9,11128,3,1,0,0,0
54.8,9009,7,0,0,1,0
40.7,15672,13,1,1,0,5
25.3,23559,5,0,1,0,4
33.9,17234,6,1,1,0,0
26.9,20817,7,0,0,0,0
52.8,15750,5,1,0,1,6
56.1,12980,4,0,1,0,0
29.5,14431,3,0,0,0,2
40.1,16552,4,0,0,0,0
46.7,18303,8,0,0,0,0
28.0,10244,9,1,1,0,0
53.2,12020,3,0,1,0,0
29.9,20184,7,0,1,0,1
25.3,23460,5,0,1,0,5
31.8,23756,9,1,1,0,1
37.5,27578,6,1,0,1,4
31.7,21847,5,1,1,0,0
56.5,4520,2,1,1,1,0
42.0,20906,4,0,0,0,1
24.9,10409,7,1,0,0,0
46.1,17986,8,1,0,1,3
24.8,9864,4,1,0,1,0
60.4,16585,2,1,1,0,2
27.6,17712,4,0,1,0,2
36.7,18480,2,1,1,1,4
44.3,8226,2,1,1,0,2
32.7,18250,4,0,0,0,0
30.2,17270,5,0,1,0,2
45.0,10773,2,0,1,0,1
23.3,24763,4,0,0,0,3
54.5,16887,3,0,1,1,1
26.5,12076,2,1,1,1,1
26.9,13491,2,0,0,0,0
40.3,18725,4,0,1,0,4
18.0,9084,3,0,1,0,0
41.8,8068,3,0,1,0,0
33.2,17050,2,1,1,1,0
46.0,9641,12,0,1,0,0
40.7,28522,4,0,0,0,0
52.8,19408,4,0,1,0,0
31.2,19762,4,1,0,0,0
51.6,20463,3,1,1,0,2
42.0,15673,5,0,1,1,3
35.8,10478,2,0,0,1,0
44.6,11648,10,1,1,0,0
32.7,19272,9,1,1,0,0
34.9,12004,7,1,0,0,3
35.5,8914,8,0,0,0,4
44.1,19255,8,1,1,1,0
40.6,22964,4,1,0,1,4
18.0,9031,8,1,0,0,0
59.2,18130,5,0,1,0,1
62.7,15976,7,1,0,0,1
34.3,18808,5,1,1,1,9
52.0,16035,5,0,0,0,2
48.7,17684,8,1,0,0,0
36.9,16539,4,1,1,0,1
39.5,20948,4,1,0,0,0
54.8,17377,0,1,1,0,3
22.7,13175,2,1,1,0,1
51.8,4827,6,1,1,1,0
57.0,16892,7,1,0,1,3
34.3,12298,6,1,0,0,0
59.7,10368,6,0,0,0,0
51.5,11700,7,0,0,1,2
55.2,17602,10,1,0,0,2
40.9,23405,3,1,0,0,5
29.6,22732,6,0,1,0,4
37.5,23654,4,1,0,1,0
18.0,17114,2,0,1,0,0
32.0,12560,3,0,1,0,0
50.0,13399,7,1,0,1,3
31.8,13803,4,1,0,0,0
46.6,18008,6,1,1,0,0
66.3,14194,5,0,1,0,0
35.5,15233,3,0,1,0,0
46.0,16156,4,0,1,0,2
23.5,15044,5,0,0,0,0
53.3,5972,1,1,1,0,0
53.2,17682,7,1,0,1,4
34.1,19077,4,0,1,0,2
30.4,17372,4,1,1,0,1
36.7,15314,4,0,1,0,2
27.0,5998,5,0,1,0,0
48.5,27100,12,1,0,0,14
54.6,9651,8,0,1,0,0
43.4,12721,3,0,1,0,1
20.3,13150,4,0,0,0,0
61.1,21173,6,0,1,0,1
47.8,14973,3,1,0,0,3
44.8,14482,5,0,0,1,0
22.7,13588,7,0,1,1,0
40.6,13642,6,0,0,0,0
42.5,17161,5,1,1,0,4
43.3,15826,4,0,0,0,0
48.9,15158,7,0,0,0,3
31.9,22448,7,0,0,0,2
36.2,14343,3,1,1,0,0
32.9,24443,8,1,1,0,3
39.2,10619,5,0,1,0,0
20.1,10712,5,0,0,0,0
53.5,27392,6,0,0,1,5
47.6,15048,7,0,0,0,0
51.1,20007,4,0,0,0,2
40.1,9145,2,1,1,0,0
45.4,15353,8,0,1,0,0
36.0,13791,6,1,1,0,0
60.9,14606,7,1,0,1,0
27.0,20042,6,0,1,0,3
25.6,14935,5,1,0,0,0
40.4,15702,6,1,0,0,0
44.0,19116,6,0,1,0,4
70.2,15837,4,0,1,0,2
54.6,26997,10,1,0,0,5
48.5,19273,3,1,0,0,0
31.4,14527,5,1,0,0,0
30.2,20270,7,1,1,0,5
30.1,20274,4,0,1,0,0
51.3,14296,3,0,1,0,0
53.2,15153,6,0,1,0,6
52.5,20798,6,1,1,1,6
30.6,14659,10,0,1,0,0
24.8,9682,5,1,1,1,4
42.9,14867,3,1,1,0,5
47.6,12313,5,1,1,1,1
44.4,21189,0,0,0,0,1
51.2,19686,5,1,1,0,2
51.8,16967,3,1,1,0,0
57.0,7575,2,1,1,0,0
51.4,13020,3,0,1,1,3
22.6,15772,2,0,1,0,0
33.8,13666,0,1,1,0,0
39.3,15610,6,1,1,0,2
64.1,7265,3,1,0,0,0
33.6,27513,6,1,0,0,3
38.2,21203,7,0,1,0,4
39.3,14071,3,0,1,1,4
50.4,24563,8,1,0,0,8
38.1,10843,4,1,1,1,3
45.3,17889,3,1,1,0,0
25.3,13534,6,0,0,0,0
43.1,22593,3,0,1,0,2
56.1,18757,8,1,1,0,0
48.8,22478,3,1,0,1,6
39.2,16344,6,1,0,0,1
52.3,4601,9,0,1,0,0
52.1,14844,3,0,1,1,2
46.9,16141,7,1,0,0,0
50.2,12588,4,1,0,1,4
54.6,10538,2,0,1,0,0
33.2,21556,0,0,1,0,2
34.7,20434,4,1,1,0,3
49.8,10139,6,1,0,0,0
62.5,7719,1,1,1,0,0
40.7,18625,3,1,0,1,3
29.6,12818,4,0,1,0,0
56.7,5608,5,0,1,0,0
38.1,7461,5,1,1,0,0
37.1,15138,5,1,1,1,0
18.0,19737,8,1,1,1,6
40.4,7327,7,1,1,0,0
49.1,15797,4,0,1,0,1
29.8,27321,2,1,1,0,6
52.6,5172,3,1,1,0,2
29.4,8624,6,1,1,0,0
34.3,10862,7,0,1,0,0
30.1,8961,6,0,0,0,3
30.8,24763,5,0,1,1,3
23.6,13707,7,1,1,0,3
37.3,14167,8,0,1,0,0
36.4,15865,5,0,1,0,0
37.7,2000,6,1,1,0,0
43.6,9899,5,1,1,0,0
21.1,22806,4,0,0,0,3
47.0,20728,7,0,1,0,2
48.2,13403,6,0,1,0,0
39.3,9906,1,0,0,0,0
48.1,12505,5,1,1,0,0
40.4,19752,5,0,0,0,2
63.0,16007,4,0,1,0,0
54.2,20012,5,0,1,0,4
51.1,10156,3,0,1,0,0
25.0,14672,2,1,1,0,6
41.5,22410,7,1,0,0,3
49.8,10552,4,1,1,1,0
52.9,7118,7,1,1,0,0
40.9,21003,7,0,0,0,4
65.6,15859,6,1,1,1,0
47.2,16543,3,1,1,0,2
34.4,9015,2,1,1,0,0
33.9,10582,3,0,1,0,1
48.2,14008,6,0,0,0,0
51.7,9623,7,1,1,0,0
48.8,20978,4,1,0,1,3
39.9,23482,4,0,1,0,4
55.2,18762,6,0,0,0,1
24.4,11291,2,0,1,0,3
34.9,17176,6,1,0,0,0
44.0,7803,4,1,1,0,0
52.3,18455,5,1,0,0,0
47.6,16775,3,1,1,0,4
29.4,13359,3,0,1,0,0
55.3,17938,4,1,1,0,0
60.3,12203,4,1,1,0,2
63.4,16209,5,0,0,1,1
46.2,27178,9,0,0,1,5
67.9,23986,3,0,1,0,3
49.8,15065,5,1,1,1,6
46.5,12199,4,0,0,1,1
42.9,14613,5,1,0,0,0
33.6,11640,3,1,0,0,0
38.6,13700,3,1,1,1,3
43.0,9280,7,1,0,0,0
37.6,16152,4,1,0,0,2
42.2,17134,4,1,0,1,0
18.0,8480,2,1,0,0,0
54.1,15944,4,1,1,0,0
21.4,15181,3,0,0,0,0
44.3,15917,5,1,1,1,3
43.5,17003,10,1,0,1,6
40.7,17257,6,1,0,0,4
34.6,20769,7,1,1,0,0
52.3,22253,9,0,1,0,5
48.7,20022,4,1,0,0,3
51.5,14571,7,1,1,1,5
34.0,12668,4,1,1,1,0
54.9,16685,4,0,0,0,1
29.4,17516,2,1,0,1,0
45.2,14279,7,0,1,1,0
28.2,23574,1,0,1,0,3
50.9,14647,9,0,0,0,0
30.7,18746,9,0,1,1,4
54.8,16526,7,1,1,0,0
20.9,14149,7,1,0,1,1
26.2,10777,1,1,1,0,0
39.1,12464,7,1,1,1,4
43.2,21486,7,0,1,1,0
58.3,6675,7,1,1,0,0
43.6,16132,11,1,1,0,4
49.4,15871,4,1,0,1,2
29.4,5332,6,1,0,0,0
37.6,10125,9,0,1,0,0
31.1,18994,5,0,1,0,0
39.3,15911,6,1,1,0,0
42.8,20063,4,1,0,0,8
33.3,11879,7,1,1,1,2
47.3,17632,8,1,0,1,5
49.7,13965,6,0,0,0,1
18.2,8971,6,1,1,0,2
26.1,6961,3,1,0,0,3
31.7,18162,5,0,0,0,0
34.5,8584,7,1,1,0,0
41.3,11412,6,0,0,0,0
42.9,15703,4,0,0,0,0
28.1,4883,6,0,0,0,0
37.6,7314,4,1,1,1,2
32.9,8698,7,1,1,0,0
54.6,14599,8,0,1,0,0
38.5,21934,5,0,0,0,0
32.9,16972,10,1,1,0,0
49.6,16517,4,0,1,0,1
34.1,17357,2,0,0,0,2
20.6,25782,3,0,1,0,3
36.7,8473,1,0,0,1,4
32.8,18417,2,1,1,1,0
26.7,15343,4,1,1,0,0
44.4,20075,2,1,1,0,3
43.4,19209,8,1,1,1,0
43.7,20604,7,0,0,0,5
68.9,15755,7,1,0,0,0
35.7,14926,6,1,0,0,0
18.0,14914,9,0,1,1,2
34.4,19426,2,0,0,1,3
35.2,11424,4,0,1,0,0
46.3,16240,4,1,1,0,3
52.6,13224,7,0,0,0,0
43.8,15071,3,0,0,0,1
18.0,14694,6,1,1,0,0
36.5,18258,6,0,0,0,3
38.3,13357,6,0,0,0,0
25.0,13406,11,1,0,0,2
50.5,18363,4,0,0,0,0
36.3,7826,5,0,1,0,0
30.3,17346,6,1,1,0,2
39.9,17040,1,1,0,1,6
29.6,20991,1,0,1,0,2
42.1,15521,3,1,1,0,1
50.5,11152,5,1,1,1,0
38.8,24543,6,1,1,0,7
28.5,20383,5,0,1,0,2
25.3,18139,6,0,1,0,2
44.1,14850,3,0,1,0,2
31.7,20112,7,1,0,0,2
37.8,10237,5,0,0,0,0
32.2,13494,5,0,1,1,2
36.2,13926,9,1,1,1,6
54.3,12563,5,0,1,0,0
32.9,23367,7,1,1,0,0
41.2,13305,3,0,0,0,0
29.0,10945,7,1,1,0,2
35.6,21829,9,0,0,1,4
37.0,16991,4,0,0,0,0
36.8,10963,4,0,1,0,2
39.6,13264,5,1,0,0,0
28.7,19802,7,1,1,0,0
38.0,14776,4,0,0,0,3
58.9,13654,10,1,1,0,0
31.3,14277,8,1,1,0,1
51.2,26099,5,0,1,0,5
67.3,24307,5,1,1,0,5
39.1,15081,7,1,1,1,6
58.3,13990,5,1,0,0,0
26.4,12799,6,1,1,1,0
56.9,6571,5,0,0,1,4
44.4,9584,7,0,1,0,0
56.7,12316,6,1,0,0,0
31.2,13120,4,1,0,0,0
43.9,12004,2,0,1,0,0
28.2,7749,2,1,0,0,0
38.0,25333,9,1,1,0,4
21.3,23285,6,1,1,0,3
41.0,5503,3,0,0,0,0
31.7,24488,4,1,1,0,6
33.6,11874,3,0,0,0,0
51.9,20485,6,0,1,0,0
18.0,23491,5,1,1,1,4
30.6,13106,6,1,1,0,0
30.7,18896,5,0,1,0,1
46.5,25089,6,0,1,1,0
55.7,14460,5,0,1,1,6
39.0,16259,4,0,1,0,0
36.0,2000,3,0,1,0,0
55.5,14124,1,1,1,0,0
47.1,14781,4,0,1,0,2
41.8,15997,7,0,1,0,0
55.5,11309,8,1,0,0,0
43.1,13973,3,0,0,0,1
34.6,16883,6,0,1,0,1
57.0,16147,3,1,0,0,1
46.0,23073,8,0,1,0,0
34.0,3876,2,0,0,0,0
29.3,8862,4,1,1,0,0
40.6,13442,4,0,0,0,0
45.2,24760,5,0,0,0,2
38.4,18109,3,0,1,0,3
35.3,17754,5,1,0,0,0
42.6,9029,4,1,1,0,0
62.7,17338,7,1,0,0,1
46.3,20065,5,0,1,0,0
48.5,16317,3,1,0,0,0
40.9,14544,5,0,0,0,2
47.1,6719,6,1,0,0,0
42.3,10392,6,1,1,0,2
50.6,27464,1,0,1,0,4
39.9,22648,10,1,0,1,0
49.2,6861,4,1,1,0,0
43.2,14532,5,0,0,0,2
51.0,10466,6,1,0,0,0
26.7,12929,9,1,0,0,0
37.7,10266,6,0,1,1,0
65.0,21030,4,0,1,0,0
63.0,16080,5,1,1,0,1
73.2,19947,9,0,0,1,6
47.8,17061,6,1,0,0,3
38.8,12519,5,0,1,0,0
52.5,12937,1,1,1,0,1
35.9,12119,2,0,1,1,1
54.6,12087,6,0,1,0,3
30.0,12133,4,0,1,0,0
51.3,19951,5,0,0,0,0
22.1,11525,5,1,0,0,0
42.4,14192,10,0,0,0,0
63.5,19994,8,0,0,0,0
20.2,15897,9,1,0,0,0
46.7,4715,8,1,1,1,1
36.1,9568,7,0,1,0,0
61.3,16886,7,1,1,0,2
19.8,14958,6,0,0,0,0
25.5,13299,4,1,1,0,0
70.4,15953,4,1,1,0,0
36.6,17831,7,1,1,1,6
40.4,17732,5,1,0,0,2
37.1,8560,8,0,1,1,0
49.3,9379,7,0,0,0,0
37.3,20416,6,0,0,0,3
39.1,17044,7,1,1,0,0
30.5,17367,2,1,1,0,0
44.3,12177,1,0,1,1,3
47.6,15416,3,0,1,0,0
55.6,19045,6,0,1,0,0
48.9,12141,6,1,1,0,0
46.2,6510,5,1,0,0,0
41.1,19022,4,0,0,1,1
58.4,12473,3,1,1,0,2
26.4,11594,8,0,1,1,0
35.4,20844,4,0,0,1,4
36.2,12224,5,0,0,1,4
32.2,15103,2,1,1,0,1
44.8,24281,3,0,1,0,2
38.8,9517,5,1,0,0,2
49.4,19527,2,1,1,0,0
28.7,15152,7,0,1,1,0
43.2,13375,5,1,0,1,3
58.9,13483,8,0,0,1,0
31.0,5751,3,1,1,1,0
35.5,13860,7,1,0,0,0
45.2,2588,5,1,0,1,1
33.5,15611,5,1,0,1,4
33.9,14709,2,0,1,1,4
35.2,17615,4,1,1,1,0
38.6,14170,1,1,1,0,2
31.9,15681,5,1,0,1,0
75.0,20050,11,0,0,0,2
30.1,13158,5,0,1,0,0
38.8,9527,6,1,0,0,0
63.4,11253,10,1,0,0,0
42.4,16856,5,0,1,1,3
42.9,10867,8,0,0,1,0
18.4,11317,5,1,1,0,0
51.2,22528,4,1,0,0,4
47.7,9983,4,1,1,0,1
41.7,18196,8,1,0,0,0
30.0,15534,8,1,0,0,4
35.6,12826,7,1,1,0,0
40.9,26251,4,0,1,0,5
53.8,18659,5,1,1,0,0
45.2,15526,6,0,1,1,2
18.0,15224,2,1,1,0,0
22.7,22607,3,1,0,0,1
34.9,19004,3,1,1,0,0
54.5,14860,5,1,1,0,0
21.4,8322,6,0,0,0,0
40.8,11568,4,0,0,0,0
37.1,16256,5,0,1,0,0
38.6,18495,8,0,0,0,0
53.2,19528,2,1,0,0,0
55.2,10289,6,0,1,0,0
43.3,17603,5,0,1,0,0
20.3,8484,8,1,1,0,2
53.1,11476,7,0,0,0,1
55.7,18860,4,1,1,0,1
31.5,11377,3,0,1,0,0
31.3,21538,4,1,0,0,0
59.0,15387,7,1,0,1,4
31.2,9166,2,0,0,1,0
54.2,11069,5,0,0,0,0
46.3,14365,9,0,1,0,0
51.3,10217,8,1,1,0,0
42.5,19348,6,0,0,0,0
50.8,16908,6,1,1,1,3
20.9,16850,5,1,0,0,0
30.5,23169,5,1,0,0,3
31.0,17803,6,1,1,0,0
34.2,16807,6,0,1,0,0
40.9,12162,5,0,0,0,0
47.4,17223,1,1,1,1,0
49.4,13822,3,0,1,1,2
24.1,17152,5,1,0,0,0
43.4,15432,6,0,1,0,0
34.7,15368,9,0,0,1,3
30.5,15661,5,1,1,0,0
58.4,12880,12,1,1,0,7
37.8,10236,2,0,1,1,2
43.5,18230,4,1,1,0,0
31.7,12748,6,0,0,0,1
48.8,18931,8,1,0,0,0
35.6,13209,3,1,0,0,0
33.2,12557,3,1,0,0,0
33.3,17790,3,1,0,1,2
51.3,12130,3,1,0,0,0
60.7,12291,7,0,0,0,1
49.6,18071,2,1,1,0,2
21.6,8421,3,0,1,0,0
37.5,13873,8,0,0,0,0
71.3,13389,3,0,0,0,0
46.4,8237,4,0,0,1,0
37.6,17618,7,1,1,0,3
44.1,19328,1,1,0,0,2
27.4,11937,5,0,1,1,6
39.5,16281,6,1,1,0,0
33.4,14990,3,0,0,0,3
37.9,15106,7,1,1,0,4
48.5,18436,1,1,1,0,0
54.1,18332,6,1,1,0,2
30.2,9271,4,0,0,1,2
25.2,15783,3,1,1,0,0
46.7,14342,5,0,1,0,0
45.4,20884,9,1,1,0,8
48.5,14301,2,1,1,0,0
28.8,14799,6,1,1,0,1
50.8,13043,5,1,0,0,2
34.8,13323,7,1,1,0,0
52.4,2000,9,1,0,1,1
47.9,15203,7,0,1,0,1
42.8,10452,4,1,1,0,0
31.8,12618,5,1,1,1,2
28.6,29432,6,0,1,1,6
33.6,12671,6,1,0,1,2
30.0,20421,2,1,1,0,0
44.7,12530,6,1,0,0,0
39.0,5474,2,1,1,0,1
44.0,12008,6,1,0,0,2
40.0,19464,6,0,0,1,3
42.9,13377,8,0,1,0,1
42.0,15905,4,1,0,1,1
41.1,16864,2,0,0,0,0
44.9,16232,3,1,0,0,0
26.8,21114,6,0,1,0,1
31.3,15671,2,1,1,0,0
34.0,19215,7,0,1,0,3
18.0,21264,2,1,1,1,5
60.5,18712,4,1,1,1,3
33.2,7003,2,1,0,0,0
42.8,13708,5,1,0,1,3
36.4,15250,5,0,0,0,0
32.7,9578,4,1,1,1,4
29.4,17111,3,1,1,0,1
47.5,8083,6,1,1,0,0
46.8,23436,1,1,1,1,6
43.0,6434,7,0,0,1,0
54.8,15312,7,0,1,0,5
48.9,2000,3,0,1,1,4
36.5,18625,6,0,1,0,0
42.6,10206,6,1,0,1,3
38.1,16262,7,1,1,0,3
64.0,5830,6,1,1,0,0
43.8,11420,7,0,0,0,0
18.0,19751,3,1,1,0,0
66.6,15402,4,0,0,0,2
25.5,11544,3,0,1,0,0
65.4,18375,7,0,1,0,0
42.4,13193,5,0,1,0,0
43.0,21853,4,0,0,0,1
46.2,18460,5,0,1,0,0
40.2,22458,1,1,0,0,2
49.3,11676,4,1,0,0,0
38.2,28739,7,0,0,0,3
25.7,9241,8,1,0,1,3
46.6,5181,4,1,0,0,0
45.3,23173,7,0,1,0,0
42.6,15970,7,0,1,0,0
55.9,9976,5,0,1,0,0
47.5,27239,5,1,1,0,4
48.3,11655,6,0,0,1,0
44.2,14913,1,0,1,1,0
31.5,17789,6,0,1,1,1
35.1,9875,6,0,1,0,0
43.6,18144,7,1,0,1,0
34.1,10715,5,0,0,0,0
48.1,10339,7,1,1,1,7
49.5,22442,3,1,0,0,4
49.7,22320,5,1,0,0,0
58.3,15093,1,1,1,1,3
32.2,9197,2,0,0,1,0
18.4,5115,3,0,1,0,0
42.8,13633,5,1,0,0,2
54.0,17246,7,1,0,0,0
34.1,15347,4,0,0,1,0
39.6,11341,7,0,0,1,1
42.8,21772,4,0,1,0,4
39.7,18215,5,1,1,0,1
48.1,15614,6,0,1,0,3
43.2,12197,8,0,1,0,3
25.7,10084,4,1,1,1,3
63.3,13656,1,0,1,0,0
50.3,6796,5,0,1,1,0
42.9,22590,5,0,0,0,4
43.7,12727,5,0,1,0,0
30.3,15423,4,1,1,0,0
28.3,5350,4,1,0,0,0
31.7,17018,6,1,0,0,0
51.0,19212,4,0,0,0,2
63.0,24920,6,0,0,0,3
53.2,21468,4,0,0,0,0
39.2,16053,1,1,0,0,0
49.9,12745,2,1,1,0,0
59.1,12488,4,0,1,0,0
33.9,16520,5,1,0,0,0
55.9,10998,4,0,1,1,4
51.3,10000,3,1,1,0,0
32.4,14765,9,1,0,0,1
49.3,12886,5,0,1,0,0
68.4,18457,6,1,1,0,2
39.3,8546,4,1,1,1,2
54.4,10417,5,0,0,1,0
39.1,15132,5,0,0,0,0
53.3,10314,2,0,1,1,2
33.7,13016,1,0,1,0,0
37.6,8601,5,0,0,0,1
46.4,10879,5,1,0,0,1
57.5,20627,3,0,0,0,2
58.5,21201,7,1,0,0,5
37.9,13871,2,1,0,0,0
54.0,21275,4,0,1,0,4
52.0,13993,7,0,1,0,0
62.0,10990,4,0,0,0,0
37.8,21558,3,0,0,0,7
35.1,29448,6,0,1,0,7
58.2,30017,3,1,0,1,6
29.1,24991,7,0,0,1,5
36.0,6579,3,1,0,0,0
33.3,21075,4,0,1,0,5
46.8,19944,4,1,1,0,0
33.5,11299,6,0,0,0,0
32.9,19319,1,0,0,1,2
48.6,18081,3,1,0,0,1
61.9,6377,9,1,1,0,0
50.2,11349,7,1,1,1,5
49.9,9597,6,0,1,0,1
41.3,24739,1,0,0,1,7
46.4,26728,6,1,0,0,4
38.8,21674,6,1,1,0,0
36.9,26539,4,1,0,0,4
27.3,16082,9,0,1,1,7
38.8,16925,4,0,1,0,0
41.3,14965,9,0,0,0,1
53.4,14120,2,0,1,0,0
44.1,19536,9,1,0,0,1
40.0,5753,3,0,1,0,0
24.7,6220,4,1,1,0,0
21.1,13031,5,1,1,0,0
41.9,10985,9,1,1,1,2
37.6,4764,5,0,0,0,1
43.2,22839,6,1,0,0,1
34.2,27673,3,1,1,1,5
46.0,21180,4,1,1,0,4
29.9,14206,9,0,1,1,1
54.6,17897,7,0,1,1,2
55.4,15829,6,0,0,1,0
18.0,13659,5,0,0,0,0
39.6,7359,5,0,1,0,2
24.8,13027,5,0,0,0,0
40.8,16657,9,1,1,0,0
23.4,11756,10,0,0,0,0
18.0,17455,9,1,0,0,0
41.9,18255,13,1,0,0,5
45.9,12486,4,1,0,0,0
42.9,13437,4,0,0,1,3
64.3,6768,1,1,1,0,0
50.5,17048,8,0,1,0,0
37.0,12205,7,0,1,1,0
29.9,12386,3,0,1,1,0
35.3,23273,3,1,0,0,5
35.9,10857,3,1,0,0,0
47.3,22755,3,0,0,0,4
36.9,20962,4,1,1,1,0
44.9,16392,9,0,0,0,3
46.8,18435,3,1,1,0,0
43.5,15094,6,0,1,1,2
36.6,14853,5,1,1,0,0
46.8,25551,1,0,1,0,0
54.9,16260,8,1,1,0,0
18.0,16396,5,1,0,0,0
63.6,12598,4,0,0,0,0
31.4,15737,4,1,1,0,0
24.6,11251,6,0,0,0,0
51.2,12479,5,1,1,0,0
44.9,16214,11,0,1,1,3
43.6,14488,4,1,1,0,0
48.8,13570,6,1,1,1,5
49.4,10536,9,1,1,0,0
48.0,16816,7,0,0,0,1
42.6,15137,2,0,1,0,0
18.0,13434,3,0,0,0,0
49.8,17276,5,1,1,0,3
48.4,15242,4,0,0,0,0
34.1,14479,8,1,1,0,0
34.7,20730,8,1,1,0,5
47.6,20565,6,0,1,0,0
35.5,18627,3,0,1,0,0
25.2,13854,5,1,1,0,0
25.1,12639,6,0,1,0,0
45.3,22233,4,1,1,0,1
44.5,23017,3,0,0,0,2
57.5,23597,7,1,0,1,5
30.4,6111,9,1,1,1,0
52.9,18513,6,0,1,0,0
41.2,10267,8,1,1,0,0
28.8,19189,3,1,1,0,0
45.1,20421,2,0,1,1,2
48.2,10905,3,1,0,1,3
61.2,17966,6,0,1,0,2
28.7,15367,5,0,0,0,4
22.1,15716,3,0,1,0,0
52.7,12308,3,1,0,1,1
35.2,13865,11,1,1,1,5
43.5,13120,6,0,1,0,1
37.8,14276,7,1,0,0,0
43.2,11131,1,1,1,0,0
26.4,12772,6,0,1,0,0
75.0,11455,6,0,1,0,5
37.6,12183,4,1,1,0,3
38.5,6931,5,1,0,0,0
29.5,18837,6,0,1,0,0
42.6,23118,7,0,0,0,0
47.0,14703,7,0,0,0,0
45.3,13874,2,1,1,0,0
39.1,20001,6,0,1,0,0
31.2,23006,7,1,0,0,3
46.7,13025,4,1,0,0,0
38.2,9141,3,1,0,0,0
25.6,17394,5,1,1,1,1
30.8,18230,4,1,1,0,0
35.9,18642,5,0,0,0,5
35.4,9363,4,1,0,1,3
18.0,15940,6,0,0,1,1
47.2,9999,7,1,1,0,0
43.2,16948,4,1,0,1,5
35.2,14835,5,0,0,0,0
44.6,20116,6,1,1,0,3
42.4,18252,4,0,1,0,0
37.8,16190,7,1,1,0,3
38.2,19065,2,1,1,0,1
36.2,17865,4,1,1,0,2
45.6,16174,5,1,1,0,2
39.8,7310,8,1,1,0,0
50.4,17445,7,0,1,0,0
39.8,20890,5,0,1,0,0
36.2,17192,7,0,1,0,2
47.7,17719,6,1,0,1,5
40.2,12099,6,1,1,0,0
35.3,17394,7,1,0,0,0
31.2,11604,3,0,0,1,0
54.7,6553,4,1,1,0,2
50.7,15961,3,1,0,0,0
43.4,23381,9,0,0,0,7
31.7,6518,3,1,1,1,1
69.1,23134,8,0,0,0,5
60.3,16332,5,1,1,0,0
55.7,4872,3,1,1,0,0
47.1,11291,4,0,1,0,3
38.8,18388,5,0,0,0,0
50.6,20222,3,1,1,0,0
45.5,14411,6,1,1,1,7
45.7,12062,6,1,1,0,0
36.8,21687,10,1,1,1,8
41.9,20780,6,1,1,0,3
34.0,12700,7,0,1,1,6
52.0,13102,3,1,0,0,0
39.4,15033,2,0,1,0,0
68.5,15036,4,1,0,0,3
35.6,13081,7,1,1,1,1
44.0,22766,10,0,1,0,4
63.1,19437,3,0,1,0,2
31.6,10996,3,1,1,0,2
56.1,9805,5,0,0,1,0
30.1,11157,4,1,0,0,6
43.1,19880,6,1,0,0,1
41.0,20096,6,1,1,0,3
40.0,6922,4,0,1,0,0
60.0,24650,5,1,1,1,8
58.1,13822,8,1,0,0,0
50.6,18301,3,1,1,0,4
41.0,21134,3,1,0,0,0
22.0,12047,2,1,1,0,0
50.4,15176,5,1,0,0,1
41.7,18113,1,0,1,0,0
32.9,7175,4,0,1,0,0
44.9,12692,7,1,0,1,6
44.7,14957,4,1,1,0,0
40.0,19601,2,1,1,0,2
47.3,16040,6,1,0,0,1
70.2,15214,7,0,1,0,3
38.0,17497,5,0,1,1,3
55.4,18246,8,0,1,1,1
69.8,14593,4,0,1,0,0
47.7,10229,6,0,0,0,1
45.2,5679,3,1,1,0,0
55.0,12941,6,0,0,0,0
43.2,17383,5,1,1,0,0
47.0,9089,6,1,1,0,0
26.1,9428,1,0,0,0,0
41.2,18477,9,1,1,1,5
59.2,19938,4,0,1,1,7
43.1,20823,2,0,1,0,0
65.9,6724,4,1,1,0,0
43.1,14117,8,1,1,0,0
52.0,18833,1,0,0,0,0
32.7,9213,6,1,1,0,0
39.9,9787,10,0,0,1,1
37.8,13896,5,1,1,1,0
43.2,10918,9,1,0,1,5
50.4,20780,7,0,0,0,1
35.6,15570,4,1,1,1,4
28.2,12630,3,1,1,0,0
42.7,10551,6,0,1,0,2
50.5,16114,3,0,0,0,1
60.6,16216,2,0,0,0,1
27.8,11744,6,1,0,1,5
19.9,14111,5,1,1,0,0
35.9,13385,5,0,0,1,0
58.1,8176,1,1,1,0,0
28.1,16170,5,1,0,0,0
35.5,15776,5,1,0,0,1
61.2,16583,5,1,1,0,0
38.6,18951,3,1,0,0,0
41.7,15600,5,0,1,0,0
44.5,16866,8,0,0,0,2
51.4,15271,4,0,0,0,0
40.2,6930,6,0,0,0,0
20.0,13141,5,1,1,1,3
40.6,18601,2,1,1,1,4
46.3,12793,5,0,0,0,1
18.0,13462,5,0,0,0,0
57.2,13468,7,0,0,0,0
39.5,26889,0,0,0,0,2
22.1,11781,5,0,1,1,3
36.5,7134,4,1,1,0,0
62.9,7161,4,1,0,0,0
51.5,16121,7,1,0,0,2
43.9,11416,4,0,1,0,0
40.7,13562,5,0,0,0,0
18.0,17741,6,0,1,0,1
41.4,18474,3,0,1,0,0
54.0,11490,7,1,0,1,7
31.7,24994,9,0,1,0,0
48.9,22864,4,0,1,0,4
32.7,23217,1,1,1,0,0
49.2,17339,6,0,1,1,6
26.1,16056,1,0,0,1,5
46.5,16060,2,1,1,0,0
25.7,19901,3,0,1,0,1
23.2,6117,8,1,0,0,0
36.3,21276,2,1,1,0,1
38.3,19361,6,1,0,0,1
43.3,16910,5,0,1,0,0
30.4,19742,5,0,0,0,0
36.3,16991,5,1,0,1,0
41.2,11469,9,1,1,1,6
55.7,17115,3,0,1,0,3
55.4,18316,7,1,1,0,0
43.3,11092,7,0,1,0,0
59.7,13804,3,0,1,1,1
41.1,14426,6,1,1,0,0
68.5,11717,5,1,0,1,4
58.9,22497,4,1,0,0,4
36.7,16925,6,1,1,0,0
34.5,13741,2,1,1,0,0
39.1,21860,10,0,0,0,5
55.1,13370,11,1,1,0,0
32.4,2000,3,0,1,1,0
49.1,6732,5,0,1,0,1
45.6,14405,8,1,1,0,0
57.9,20093,2,0,1,0,3
30.5,19674,7,1,0,0,0
37.9,11989,3,1,0,0,0
32.4,15799,4,0,1,0,0
55.6,12624,3,1,0,0,3
67.1,10152,3,1,1,0,0
50.1,20752,2,1,1,1,2
52.7,21383,3,1,1,0,4
34.0,10850,6,1,1,0,0
57.2,16116,10,1,1,0,3
31.5,8993,3,1,1,0,0
42.3,16651,6,0,1,0,0
34.1,18274,2,0,1,0,0
38.4,17721,10,1,0,0,5
48.7,22133,4,0,1,0,5
58.6,16872,4,0,1,0,3
28.5,16212,3,1,1,0,0
32.7,19157,6,0,1,0,0
44.8,13982,12,0,1,0,3
41.2,10789,4,1,0,0,2
45.8,7424,4,1,0,1,0
33.5,16654,6,1,1,0,0
35.3,4388,7,0,1,0,1
29.8,17147,4,0,0,0,3
47.4,14378,1,1,1,0,2
35.3,14229,4,1,0,0,1
49.9,24111,6,0,1,0,3
50.5,5749,8,1,1,0,0
44.7,6903,6,0,1,0,0
56.7,5784,6,0,1,1,0
51.0,12162,5,1,1,0,2
58.1,14226,5,0,1,1,3
32.8,22869,10,1,1,0,0
53.9,6263,2,1,1,0,0
45.9,4749,4,1,1,0,0
40.7,16881,5,1,0,1,2
63.4,20911,5,1,1,0,3
33.3,14594,5,1,0,0,2
42.3,18137,5,1,1,0,5
44.3,9624,5,1,0,0,0
39.3,13573,4,1,1,0,0
51.8,13041,4,1,0,0,0
61.3,27264,4,1,0,0,1
55.1,10473,3,1,0,0,0
28.4,8429,4,0,1,0,0
32.5,13861,3,1,0,1,1
53.5,11414,4,1,1,0,2
30.9,12141,2,0,1,0,0
40.9,7546,7,0,1,0,0
29.3,14745,5,1,1,0,4
18.0,8514,2,1,1,0,0
20.4,27707,7,1,1,0,4
33.7,15156,6,1,1,0,0
49.9,21356,3,1,1,1,11
43.8,7732,7,0,0,0,0
45.4,10561,4,0,1,0,0
47.0,14439,5,0,0,0,0
41.1,9066,4,0,0,0,0
55.6,16129,9,0,0,0,3
43.7,7448,5,1,1,0,0
43.9,24912,14,1,0,0,1
61.7,14256,6,0,1,0,5
38.2,7143,4,1,1,0,1
45.1,22628,6,1,1,0,3
45.1,7874,8,0,0,1,0
58.3,11856,11,0,0,0,0
55.9,17841,3,1,1,0,2
28.8,12065,4,0,1,0,4
31.6,11970,8,1,0,0,1
43.1,6786,2,0,1,0,1
43.5,17853,1,0,0,0,0
64.9,27762,7,1,0,0,4
49.9,18946,1,1,0,0,4
41.9,11477,7,1,1,0,0
49.9,8347,7,0,1,0,0
25.4,9539,6,1,0,1,0
46.6,16003,3,1,1,0,2
49.4,10344,4,1,0,0,2
18.0,15273,5,1,1,1,3
31.0,8688,2,1,0,0,2
40.2,16581,4,0,0,1,1
30.5,17331,7,0,0,0,0
41.0,7681,4,0,1,1,1
41.6,15285,4,1,1,0,3
25.0,15588,7,0,1,1,5
42.0,17859,6,1,1,1,0
48.0,13775,2,0,0,0,0
59.9,21889,4,1,1,0,1
24.3,8533,6,1,1,1,0
29.8,20315,7,0,0,0,0
48.3,19020,5,1,1,1,5
65.5,26896,5,0,1,0,3
35.8,17259,8,1,1,0,0
43.7,19670,5,1,0,0,2
36.0,11702,3,0,1,0,0
18.0,7634,3,0,1,0,0
30.1,19761,4,0,0,0,0
51.6,16138,7,0,1,0,5
39.6,15758,9,0,0,0,0
36.9,5689,2,0,1,0,0
40.1,17757,3,1,1,0,3
36.2,16855,6,1,0,1,0
22.7,22662,12,1,0,0,0
26.7,12845,5,1,1,0,0
38.3,10872,5,0,1,0,0
37.3,10909,8,0,1,0,0
22.6,13190,7,0,1,0,0
49.6,22196,6,0,1,0,1
