Has_Job,Year_of_Study,Financially_Dependent,Monthly_Allowance,Cooks_at_Home,Living_Situation,Housing_Type,Goes_Out_Spends_Money,Drinks_Alcohol,Net_Money,Monthly_Earnings
0,1,0,658.9904576069932,0,3,1,6,0,529.3363054146739,0.0
1,3,0,592.5508924365047,0,3,2,3,1,992.7176087260736,941.9192811977803
1,4,1,602.5353984800716,0,2,2,2,1,557.298126589146,876.5732591031856
1,3,0,295.10664331991984,1,2,1,3,1,993.0775302372979,1111.977077240551
0,4,0,681.7915978079601,0,1,1,2,0,41.78104866162178,0.0
0,3,1,539.1875796850784,0,3,1,5,0,-247.2050727358776,0.0
0,3,0,444.6084291130695,0,2,1,1,0,439.8326792512716,0.0
1,4,1,521.5082701013376,0,1,1,4,1,13.92012449918272,682.4331872967133
1,1,0,233.56471506525202,0,3,1,2,1,1097.463107169393,1153.6513357861572
1,2,0,561.2979217221007,1,2,2,4,1,-72.29133802250732,500.1331597484148
0,1,0,345.59427377268923,1,1,2,4,1,-643.2237757981451,0.0
1,4,0,297.09945712346985,0,2,2,3,0,-69.70341441005958,517.0681898993834
1,4,1,271.64612206731636,0,2,3,3,1,209.41149975580458,874.504174017562
0,1,0,666.9032562484888,0,3,1,3,1,254.2329760964476,0.0
0,3,1,405.6104909460817,0,1,1,4,1,-958.659199575416,0.0
0,4,0,730.0591564874749,1,3,3,4,0,513.1438255331641,0.0
0,1,0,419.62978054215534,0,2,1,3,1,-225.69519909681404,0.0
1,3,1,243.896306361058,0,1,3,5,1,401.6447677411188,1429.9823711880636
0,4,0,332.52133400770117,1,3,3,3,0,-171.46331808822976,0.0
0,1,1,685.3717430010408,0,2,2,5,1,-196.52036044804558,0.0
1,3,1,476.61527330949986,1,1,3,1,0,739.3616261704876,1092.6688879807891
0,2,1,417.75690552640987,0,2,1,6,1,-697.9062390853666,0.0
0,4,1,524.0027338779181,1,3,1,6,0,-673.8388651047912,0.0
0,4,0,575.2674104251317,1,1,2,2,1,-722.2900785354719,0.0
0,4,0,667.6098223853692,1,1,1,6,1,-320.65284088464716,0.0
1,2,0,717.2748844839389,1,1,3,6,0,920.9911736009022,684.0180098139494
0,4,1,446.0347031316371,0,1,1,4,1,-827.6389949483114,0.0
1,4,1,301.0928470876943,0,3,2,2,1,38.87507621901088,1121.8214745880152
1,2,0,437.9802258315086,1,2,2,3,1,714.4316843620784,1049.101528668916
0,4,1,539.0420759874329,0,1,2,5,0,-826.7646883850755,0.0
1,1,0,355.4361610684084,0,1,1,3,1,460.5013346792933,869.8580238736545
0,3,1,356.42736276574357,0,1,1,1,0,-946.0144865336662,0.0
0,1,0,551.5681822324829,0,3,3,3,0,603.8604374477379,0.0
1,1,1,492.7021472644323,0,1,1,4,0,645.9438171580537,905.3379811310925
1,1,1,504.91954931173797,0,3,3,4,1,901.1964946070811,1268.7991631240902
1,3,0,386.22569979498957,1,2,2,5,1,379.6484515529678,1043.8634067692758
0,2,0,465.4398928691349,0,1,2,4,0,-35.93031665126668,0.0
0,3,0,361.3650283597543,0,3,2,1,1,-72.61076285842572,0.0
1,1,0,633.529761668718,0,2,1,4,1,1301.083097812217,1054.5033616466783
0,2,0,655.2874002085629,0,3,2,2,1,315.7714201988557,0.0
0,3,1,223.07182066428595,1,3,3,4,1,-858.9823013064035,0.0
0,4,1,360.5733709711385,0,1,1,2,1,-866.933147490947,0.0
0,2,1,275.52061173648815,0,1,3,3,1,-1051.002960737684,0.0
1,3,0,402.4964098389653,1,3,1,2,0,1247.8546196793577,960.66792711265
0,4,1,487.48430453144584,0,1,1,4,1,-863.9727627142796,0.0
1,3,1,282.5532170452205,0,1,1,3,1,261.9482527230869,1192.1520045871277
0,1,0,361.721028031203,0,1,3,6,1,-409.77930770022147,0.0
1,1,1,349.4063941877752,1,1,1,3,1,213.80520031470488,1126.8757480681757
1,4,1,531.0900994098416,0,3,3,6,1,88.03750721234282,616.0056179122613
0,1,0,510.4016505554376,0,1,3,2,0,-45.27906866625881,0.0
1,4,0,391.739366999412,0,2,1,5,0,171.35375001199304,713.9727097532491
1,3,0,526.5231308209097,0,2,1,4,1,830.2994597659466,1135.5718592900012
1,4,0,417.9979873119102,0,2,2,7,1,14.590168555848635,943.3205284995418
1,4,1,459.25173345109204,0,1,1,4,1,145.13768490125892,1085.0435426729525
1,4,1,751.0178135447806,0,3,2,2,0,1043.9640434669009,1232.253855562968
1,2,1,701.0691577685521,1,1,1,4,0,798.2809209338682,861.9357222768851
0,4,0,305.06281446086035,1,3,1,8,0,-866.5408918179087,0.0
0,2,0,624.4598626818762,0,3,2,3,1,183.63946970445093,0.0
0,2,1,621.7094831737388,1,2,1,2,0,-443.4537727036211,0.0
0,3,1,327.7605066871073,0,2,1,5,1,-1351.7872605828472,0.0
0,4,0,622.8166465632291,0,2,1,4,1,1.7857406467380628,0.0
0,4,1,730.6897877618829,1,1,1,2,0,-269.8455304902162,0.0
1,4,1,331.6182790633379,1,3,2,6,0,133.71628821817973,1125.8651325741737
0,2,0,362.37457684786045,1,3,3,3,1,-369.73736258894735,0.0
0,2,0,652.6492200265254,0,1,1,2,1,145.6913031166836,0.0
1,3,1,540.7242966238472,1,2,2,8,1,-269.59673527192786,649.8447238457015
0,1,0,582.7214412859284,0,3,2,5,1,264.51420663371766,0.0
1,1,0,551.0883824600745,1,3,1,4,1,1116.9787597834347,914.6872422758017
0,2,0,558.6043881392217,1,2,1,2,0,330.933407081723,0.0
1,2,0,301.0291807533375,0,2,3,3,0,1749.1331819728748,1584.1134425416087
1,2,1,657.0976559932172,1,1,2,6,0,-190.07122971820422,403.30927967624734
0,1,1,675.438498864166,0,3,2,0,0,212.86378672738357,0.0
0,1,0,465.59138838979584,0,1,2,3,1,-1.6774980338985017,0.0
1,1,1,493.4784575279206,0,2,1,3,0,552.3067016406337,784.0639076952334
1,4,1,270.33387461664165,0,1,2,5,1,37.288215454521094,1191.9879071984599
1,2,1,577.1382134026752,1,1,2,0,1,288.15334196821357,697.5467561845551
1,2,0,585.8086162571216,1,2,2,5,1,703.5530661753124,1051.3304205798033
0,3,0,490.6713474501033,0,3,1,4,1,-375.192959971891,0.0
0,1,1,668.6530039805754,1,1,1,2,0,-193.1589881839108,0.0
0,4,1,449.8884153530089,1,2,1,4,0,-1061.3934696182166,0.0
1,4,0,584.6908888840401,0,1,3,6,1,315.2477755390641,521.5862786371542
1,1,0,347.05034919618265,1,1,1,8,0,707.7213389524975,1188.6262943583538
0,2,0,496.46717736886427,0,2,1,3,1,204.8830135366079,0.0
0,4,1,473.84686131457465,1,2,1,2,0,-588.217174771428,0.0
0,4,1,533.7961883061413,0,1,1,3,1,-603.7186758833686,0.0
0,2,0,444.57096067499623,0,1,2,3,1,-431.0625354772602,0.0
1,3,0,480.27911064924984,0,1,2,2,1,745.2872464120038,768.9349255806027
1,1,1,623.9070757162259,1,1,2,1,0,601.9216026688478,737.3313698700211
1,4,1,434.4853644142674,0,3,1,7,1,-56.72177061801446,806.0625371439072
0,1,0,259.0134348891981,0,3,2,5,0,-622.7917289131127,0.0
0,4,1,762.4375856308131,0,1,1,8,1,-470.5956663527303,0.0
1,3,1,707.218111803573,1,2,1,3,0,936.771183815097,871.2770047088721
1,3,0,306.1605957341572,0,3,1,4,0,989.8494421553992,1228.3513039220995
1,3,1,603.4561707867791,0,1,1,5,1,513.0969026527067,1201.5628949477796
1,1,0,424.5537844172985,0,3,1,7,1,273.44507197556095,539.949816756407
0,1,1,539.5230822996589,0,3,2,5,0,-667.0624565060544,0.0
1,1,1,544.1336193520241,1,1,2,1,0,828.9488409515187,1375.1671739531198
0,1,1,464.8388299525517,1,1,3,3,0,-70.85785529953068,0.0
0,4,1,382.43515016204054,0,3,1,3,1,-610.5450022742319,0.0
0,2,0,396.41884215256107,0,2,1,7,1,-559.9134687973545,0.0
0,1,1,362.5712126778136,1,1,1,3,0,-821.8206053279674,0.0
1,4,1,375.22666876543326,0,1,3,4,1,477.54206774224565,987.6856628080699
0,4,0,489.9232564925967,1,2,2,0,1,-519.1461597664822,0.0
1,4,1,392.63600163338725,1,2,2,4,1,-47.41052607241093,1256.7205755928571
1,4,1,602.307809856893,1,3,1,3,0,349.11190864089144,881.5665229738953
0,1,0,723.0869233003891,0,3,2,4,0,213.02837314228253,0.0
0,2,1,412.9920137944936,0,1,1,4,1,-938.0140334772685,0.0
1,4,1,535.9106750803065,1,2,2,2,1,-48.93325405229592,901.6623988218494
0,3,0,574.9527665454401,0,2,3,6,1,-218.02082527469346,0.0
0,1,1,570.8003406378912,1,2,3,5,1,-128.20525518158132,0.0
0,4,0,511.39329018741313,0,1,2,4,1,-716.2759217031021,0.0
0,1,0,611.4023627539584,1,3,1,2,0,388.7183594095615,0.0
1,1,0,572.3373429020986,0,3,3,5,1,972.3487638359466,839.2429820291808
1,3,1,314.35063665090536,0,2,2,1,1,-182.85471648911775,787.6141208092292
1,3,1,630.373409658391,0,2,1,4,0,409.13188656750884,948.264771391513
1,3,0,633.0936255900112,1,1,1,5,1,1070.2908280826264,1305.471463329591
1,1,0,385.50708437321276,1,2,1,0,1,1179.6623642878083,1187.1091202673924
0,4,1,505.6906753171403,0,2,1,3,1,-461.02761226401145,0.0
1,2,0,602.4993489216604,0,2,1,1,1,957.2851783700544,871.2551519000187
1,1,1,468.60292706309576,1,3,2,3,0,684.9681646502734,808.4984293420337
1,4,1,660.9467071649018,0,2,1,3,1,-138.67254106064277,531.3030515199919
1,4,1,854.580874192904,0,1,1,1,1,816.8510539298228,1082.5835587302452
0,4,1,382.10209510475266,0,3,2,2,0,-373.8989068545118,0.0
0,4,0,292.8433095269338,0,1,3,6,0,69.8532899914693,0.0
0,3,1,545.5727893407313,0,1,2,7,1,-644.4535051974367,0.0
0,3,1,608.2343757689215,0,1,1,2,1,-582.3667923273913,0.0
1,1,1,465.37004392328464,0,2,3,5,0,539.1486247536409,738.1185116028217
1,2,0,717.9890994981552,0,3,3,3,1,1528.0338295156869,864.5228040258763
0,2,1,299.2091300415127,0,2,1,5,0,-732.1015411296366,0.0
1,2,0,603.9377934547417,0,3,1,0,0,1515.797804907805,1211.460424539121
0,3,0,409.120876886166,0,2,2,5,0,-289.40219125568166,0.0
0,2,0,757.9066859310944,1,1,3,2,1,235.69089504605068,0.0
0,1,1,798.8773029752177,0,3,3,1,1,154.6334117208265,0.0
0,1,1,385.00151183249784,0,1,3,1,0,-384.7715805054519,0.0
1,3,1,417.566429613713,0,1,2,4,1,144.56587008687399,1105.1499315374194
0,1,1,628.9381830469703,0,2,2,1,1,-56.31609629741496,0.0
1,4,0,441.9304025315728,0,1,1,4,1,720.7433555052964,1258.6334137101205
1,2,1,493.1883173101643,0,1,1,4,1,-88.22083665534315,637.7186477300618
0,2,0,503.80826308136153,1,2,1,2,0,216.49825053901725,0.0
1,3,1,212.04902657035154,0,2,2,3,1,-801.7573240208809,365.9947620285193
1,4,1,497.9243380858644,1,2,2,3,0,-440.7789863476579,286.0241913456932
0,2,1,396.5408338903739,0,3,2,7,1,-889.5950547256507,0.0
0,3,1,426.0315766400342,0,2,1,5,1,-820.4062973920109,0.0
0,3,0,716.5448005203222,0,3,2,5,1,-140.9876910730964,0.0
0,2,0,311.5239658581115,0,1,1,2,0,-208.24871397986146,0.0
0,4,1,621.9807780121967,0,2,1,0,0,18.543643435354113,0.0
1,4,0,458.15556045022873,1,3,2,3,1,588.9740167214768,967.9423897632676
1,3,0,458.03597472562484,0,2,2,4,0,966.861625805269,1346.5578520843756
0,4,0,618.5557844077567,1,3,3,7,1,173.13968410217558,0.0
0,4,1,551.0076941853335,1,1,1,3,0,-579.2141231642479,0.0
1,3,0,585.5919495829296,0,1,1,5,0,1216.606320154368,1134.6928433265027
0,4,0,645.2276990799292,0,2,1,3,0,265.9460064143804,0.0
0,3,1,450.3037425225016,0,1,1,5,0,-999.8184654452447,0.0
0,3,1,408.16448982383747,0,3,3,3,1,-408.192270874079,0.0
1,3,0,337.22742101633025,0,1,2,3,1,1023.7621350724676,1340.9949119126636
0,4,0,376.18842050315675,0,3,3,3,1,-281.7577143142723,0.0
1,1,0,942.3641637963087,0,3,1,2,1,2179.418781783479,1701.5952821663682
1,4,0,686.701937110518,0,1,3,1,0,1609.9481173309962,1206.780900737592
0,4,0,297.3388450687968,1,1,1,6,1,-897.4422028909247,0.0
1,1,1,301.6313064884645,1,3,3,5,0,113.75738943936096,970.833532378575
0,4,1,572.2799092577737,1,3,1,6,1,-670.5044249506351,0.0
1,1,1,582.0897196066951,0,2,1,4,1,762.728440622188,1033.5353893989568
1,2,0,582.3325752976046,0,1,2,2,0,786.1643730763324,1005.8933367882538
1,3,1,461.7566309669453,0,2,3,5,1,680.5637318709396,960.0673409447909
0,1,0,481.18186099956495,0,2,1,6,0,171.99702965544375,0.0
1,4,1,549.1819286239036,0,1,1,6,1,-45.397233028911785,1258.8819133726672
0,4,1,512.8839509439996,1,3,3,7,0,-466.90126046697935,0.0
0,3,0,167.10494408786974,1,1,1,5,1,-791.3773697846582,0.0
0,1,1,465.5300554137209,0,1,1,2,1,-268.70330402224636,0.0
1,2,0,372.28903486095294,0,1,1,3,0,468.2954700460436,784.6370921262612
1,3,1,526.2817128362768,0,1,1,4,0,414.00938397707273,857.9262040545981
0,4,0,947.7888503905115,0,1,3,4,1,374.3528945131047,0.0
1,3,0,555.1222498211457,0,2,2,2,1,453.29162369465064,681.9052029906875
0,2,1,452.9705470741403,0,1,2,5,1,-1093.545479423468,0.0
1,3,0,638.2702252965878,0,1,3,4,1,764.3686567701816,1087.5919600200355
0,3,1,572.4031830813819,1,1,1,3,0,-483.3104248718413,0.0
1,4,0,563.0141735677762,0,3,1,4,0,986.488720192083,996.5772763434503
0,1,1,591.0275889823506,1,2,1,6,1,-1109.4821794805873,0.0
1,4,1,808.4815347244312,0,2,1,3,1,529.9319803788467,802.1386383210672
0,3,1,330.36673470111265,0,2,1,2,0,-472.8805276564161,0.0
0,4,0,571.0448115217182,0,3,3,5,1,-254.82987454460812,0.0
0,2,0,361.0428305027692,0,1,2,5,0,-550.9555706282047,0.0
1,3,0,583.3268969513373,0,2,1,5,1,1532.9898156005672,1569.8151282903839
1,4,0,362.1970232770858,1,3,2,3,0,96.5186170142536,1014.9983281360921
0,1,1,437.39497795923734,1,2,2,7,1,-1050.6437930342813,0.0
1,4,1,455.736512864314,0,1,3,3,0,707.8312448694847,1254.9052074785138
1,3,1,646.3725079017063,0,2,3,3,1,573.5669936573236,966.2318412561465
1,1,1,637.768166591362,1,1,2,2,1,562.8157010482137,1315.7651483795019
1,2,1,313.1423935330423,0,2,2,5,0,-6.300258112760332,1124.0038866064608
0,3,1,508.2401166499773,0,3,2,3,1,-960.0625313301219,0.0
0,1,0,393.5630217876241,0,1,2,4,1,-486.2625474309002,0.0
1,3,1,311.2242633986998,1,3,1,4,1,78.35742365450875,850.1886387042537
1,2,1,467.44744243634443,1,1,1,4,1,-26.13639386578103,350.31430184565954
1,3,1,453.727581731627,0,3,2,4,0,652.0018197423642,1264.1739012563053
0,1,0,864.0074729518283,1,2,1,5,0,699.6609248582511,0.0
0,4,0,564.9439738041044,1,1,1,4,1,-590.7484541322494,0.0
1,4,0,293.3573748868644,0,1,2,6,0,-442.7964758500334,735.4978424925449
1,4,1,415.28389937435867,0,3,1,4,1,469.1021672458903,925.8545027764624
1,3,1,653.2074943144098,0,1,2,1,0,402.7789611123139,891.987467850265
1,1,0,813.2664159304887,1,1,2,1,1,1743.7699049859327,1280.1286225749757
1,4,1,262.10250316430626,0,1,3,3,1,170.10104577391343,1195.2550540036816
0,1,0,218.01134222914322,1,2,1,6,1,-424.0648008891407,0.0
0,1,0,780.6447763057673,0,2,1,4,1,611.7866965338461,0.0
1,2,0,558.4421266056356,1,1,2,1,1,547.9169725232342,654.7086513478788
1,2,1,369.75609021854507,0,1,3,5,1,512.795018266311,1230.604641066016
0,4,1,580.1943629183653,0,1,3,1,0,-87.19153922774188,0.0
0,3,0,104.63783914746836,1,1,1,3,1,-1024.9818165374672,0.0
1,2,1,500.5063259895741,1,2,1,5,0,853.1179735954795,1141.235492318573
0,2,0,549.1731759264628,1,3,3,3,1,32.188514408708585,0.0
0,4,1,638.6405209306745,0,1,1,4,0,-526.7232323632948,0.0
1,2,1,347.91560715611934,1,1,2,5,0,-111.302047880544,790.9885698103659
1,2,1,512.8530742105039,0,1,1,5,0,468.2813825328801,1374.8204289432551
1,1,0,361.1863060910619,0,3,1,2,0,1401.4252128580501,983.276146562841
0,4,1,538.3075633511476,0,3,1,4,0,-397.35848806828255,0.0
1,3,1,365.69805164554634,0,3,1,4,1,818.2973986203053,959.5559422916805
0,1,0,438.7848741259669,0,1,2,7,0,124.31581327500982,0.0
0,1,1,350.6276907814656,1,1,3,2,1,-676.2386900285445,0.0
1,3,0,597.6704362735486,0,1,1,1,1,1418.1945788618477,1064.5715839563104
1,3,1,628.7676674984998,1,1,3,5,1,533.6362208615369,971.0174545429385
1,2,0,464.80691450638795,0,2,1,3,0,1038.918987854233,945.4871823919592
1,4,1,505.73569924400425,0,3,2,3,1,73.67854347400186,1146.9474864539495
1,1,1,282.7112878049684,0,3,1,7,1,-137.9034901304334,1022.7366063561603
0,2,0,455.04850279898193,1,3,3,4,1,-16.553195484933774,0.0
0,4,0,492.4693074437383,1,1,2,5,0,-610.3689641923816,0.0
0,2,0,893.1189636544963,1,2,2,5,1,284.7162904411497,0.0
0,3,0,333.20494613387547,1,1,3,2,1,-125.71861461192645,0.0
1,2,0,719.6265858128656,0,1,2,4,1,956.8479942717279,754.4164743848943
0,2,1,649.5288160198712,0,3,3,7,0,-264.9639925525775,0.0
1,4,0,542.0954606735205,1,1,2,3,0,924.6301896547536,1076.495419743321
1,2,0,763.79307262927,0,2,3,6,0,1670.9428860772828,1358.0627413014813
1,4,1,555.8158208910295,0,1,2,8,0,-90.39612459227718,1104.3281944680673
1,1,0,558.3738793501893,0,2,1,6,1,1329.9347462939056,1266.046513728215
1,1,1,492.0319020473682,0,3,2,3,0,504.2367588792219,979.0894242646532
0,1,1,683.5353323627942,0,1,1,4,1,-453.06615800887016,0.0
0,3,1,664.4703850716326,0,3,2,2,1,-154.50000957745553,0.0
1,2,1,406.1484068755681,0,1,1,3,1,589.3608447969931,1248.6114962821027
0,4,1,302.1129208101849,0,2,2,5,1,-1321.19175494139,0.0
0,2,0,469.55290439065146,0,3,1,4,0,-220.6904371575954,0.0
1,4,0,379.99421534035304,0,2,1,2,1,471.3785280013908,998.4196670042545
0,1,0,490.47131380769673,1,3,1,4,0,524.1225727445852,0.0
1,4,1,685.6157202026209,0,1,3,6,1,439.8111346297329,818.0794713259187
1,4,0,431.4047517369815,0,2,1,6,1,72.87159949715868,291.04628168763077
1,4,1,493.57649280326376,1,2,1,8,1,60.50977967392448,1118.940091488654
0,4,1,508.7034102212593,0,3,2,0,0,-507.15453616255536,0.0
0,4,1,627.2646323307927,0,1,2,5,0,-528.0645380294333,0.0
1,3,1,162.9665999023092,1,3,1,2,1,-27.95452667139125,821.227767756086
0,1,0,408.9949557852055,0,2,1,5,1,-282.4559453813043,0.0
1,1,1,531.6925538419209,1,1,1,1,1,-253.58404200636267,391.5180878263627
1,4,1,680.0118434640292,1,2,3,2,0,365.7980410516711,900.0322037912792
1,3,0,426.21463287406925,1,1,1,3,0,207.11150599974138,665.4745578774101
0,4,0,218.51709409371887,0,2,1,4,1,-588.4405835906773,0.0
0,2,1,592.9567168949204,0,3,1,1,0,-179.81710156661006,0.0
1,1,1,404.6956416761556,0,2,1,3,1,209.09624237684534,615.7067696684421
0,1,1,321.5500011364458,0,2,2,5,1,-524.2400057347023,0.0
0,3,1,406.34819154301636,0,2,1,3,0,-635.5136017605154,0.0
1,2,1,472.3211963516226,0,1,1,5,1,52.29092365758009,847.0630813120791
1,1,1,409.2883003192681,0,1,1,7,1,-108.72281195532058,667.6224321415414
1,2,0,169.16509143513963,0,2,1,3,1,565.0713644500569,1226.2042214183466
1,1,0,634.5599295330699,0,1,1,3,1,1061.0674063428676,1038.6916323435692
0,3,0,691.2312561918084,0,1,3,6,0,63.34534624164925,0.0
1,2,1,597.7282987009258,1,2,2,5,0,516.1642436411693,1298.6873026767316
1,4,1,329.3471494362775,0,1,3,3,0,395.60011194795584,1021.6220176409362
0,2,1,469.7762699078723,0,1,3,3,1,-644.6515858861751,0.0
1,2,0,499.0218027155813,1,2,2,5,1,803.243387651341,932.4332984917173
1,1,1,589.8191584342866,0,1,1,3,1,1171.9925250219692,1481.4071889643099
1,1,1,600.2510733077121,0,3,2,1,1,681.2538908347526,885.4334069622013
1,2,1,389.87393018322564,0,3,3,5,0,-44.015139966691464,209.2483091460382
1,2,1,512.299333462034,1,3,2,7,0,-137.0543954132742,733.1889201325445
0,3,0,568.5920606922862,0,1,2,3,1,-403.19276450367295,0.0
0,2,1,718.373348322015,0,3,1,1,0,270.2795201944847,0.0
1,3,0,605.6759809737084,0,3,3,4,0,882.6252112419714,963.2457280465583
1,4,0,618.3585031063278,1,3,2,4,1,484.5441693305916,704.0841786110234
1,4,0,512.5739941894042,0,1,3,8,0,842.4872108991243,1005.5257558559623
1,1,1,711.5688717805256,0,2,1,3,1,1125.2171690726336,995.6873160641062
1,2,1,561.4644193939246,1,3,1,4,1,787.8978414253098,992.6052791969009
1,1,1,370.8368134739644,0,2,1,4,1,441.4990058147323,1161.301035460569
1,1,1,710.5054955187786,1,2,2,8,1,624.3422175899339,1054.5306686151453
1,4,1,604.6854908808541,0,2,1,3,1,170.46950199131714,924.311297236456
1,1,1,433.54339683072766,1,2,1,2,1,10.848352443173653,699.2305450007332
1,2,0,428.0760548901135,0,1,3,3,1,1573.644766234137,1407.998581168734
1,3,0,544.4863317711142,1,2,1,5,0,1453.229056134266,1594.4804207954053
0,3,0,569.4777192901377,1,1,3,5,0,-13.847868698629394,0.0
0,3,0,529.5938398446809,0,2,1,6,0,-312.23648824869235,0.0
0,1,0,546.6963010164327,0,1,3,5,1,154.55788445949707,0.0
1,2,0,754.9936061864571,0,2,2,5,1,744.1007728688473,460.7995066200192
0,3,0,660.7314728352328,0,1,3,6,1,135.7017899988836,0.0
0,1,1,528.5953386897537,0,2,3,0,1,-349.3792187552758,0.0
1,2,0,641.1965871151225,0,3,1,3,1,1433.0356251073981,971.2518757725084
0,1,0,345.12141447086907,0,1,1,1,0,-231.93801034080272,0.0
1,1,0,559.6890574920213,0,1,1,6,0,616.5166284696664,582.2660420490436
0,2,1,771.3959524599666,0,1,2,1,0,-416.5299053887578,0.0
0,1,0,467.29311569114395,1,3,3,7,1,-84.95399799847824,0.0
1,3,0,372.85491070713726,0,2,1,3,1,65.1589048524518,606.5938324240343
0,3,1,402.1866667110409,0,2,2,3,0,-836.4914318683803,0.0
0,4,0,336.5550443986417,0,1,1,3,1,-583.1853454651409,0.0
1,1,0,382.2857137808445,0,2,3,3,1,1567.50068085377,1378.6271488077537
1,1,0,444.42378521149567,0,3,3,4,1,1315.5622016169978,990.3458304612955
0,1,0,289.16494712320366,0,3,1,5,1,-733.7118367641514,0.0
1,3,0,502.34275009244044,0,2,1,4,1,807.2643116345934,868.0865318691004
0,3,0,635.341576067997,1,1,1,2,0,94.26764527097586,0.0
0,1,1,363.83657297796196,0,1,2,3,0,-816.2856790011028,0.0
1,4,1,727.8925885462653,1,1,2,4,1,189.39018384328924,1123.6327615411712
1,1,1,576.6188132791392,1,1,1,2,1,675.0952107506878,1172.6526183270053
1,3,0,654.5870878436086,1,1,1,3,0,579.0298917723483,501.02965622815316
1,3,1,401.3248169221794,1,1,1,0,1,869.0483767771419,1641.4846949376265
1,4,0,628.1787840599924,0,1,2,8,1,-42.565994661031084,504.6238470729941
1,3,0,336.209914940703,0,3,2,4,1,96.39714247303061,1046.9266061262003
0,4,1,633.5371251254763,1,2,1,3,1,-748.7549608324687,0.0
1,2,0,525.7759009690296,0,3,2,8,0,619.8534360190962,967.9280529727771
0,4,0,582.9876829977176,0,3,2,5,0,335.52571819984564,0.0
0,1,1,323.66080915627225,1,1,1,3,1,-902.6462331817161,0.0
0,4,1,365.73952365850926,1,3,1,5,1,-903.1667119355836,0.0
0,3,0,589.5842327380077,1,1,2,1,1,-88.59823214283497,0.0
1,4,1,357.7477993663699,1,2,3,4,1,435.3350493664362,1336.6476551245319
1,2,1,569.4809438148684,1,1,1,3,0,500.8035180625501,1079.8256263201124
1,3,0,294.9293290309631,0,3,1,1,0,974.7936101674622,1191.165427406596
0,3,0,627.2261319000003,1,1,1,3,1,-563.2795022164673,0.0
0,3,0,315.12150278472365,0,1,2,4,0,-498.8791187946525,0.0
0,1,0,582.8449906519285,0,3,1,1,0,584.3436733694697,0.0
0,1,0,593.8446400469002,1,1,1,6,0,-18.79900916923247,0.0
1,1,1,395.48422723556376,0,2,2,2,1,419.2995239222492,1047.3888093258884
1,1,1,587.303985062709,0,3,2,4,1,230.03134981469168,840.3574390114541
1,4,1,539.0663395000333,0,3,1,4,0,673.0373801251963,1223.247333668392
0,1,0,419.17372157108923,1,3,1,6,1,-351.21017639972376,0.0
1,4,1,348.7167973885688,0,3,2,3,0,87.2589788988029,781.1825996889478
1,2,1,205.60614624911312,1,1,1,3,0,182.54097052090714,1215.9348855001876
1,1,1,552.4475070949541,0,3,1,2,0,1103.215080912261,1302.5063481082038
1,4,0,265.27958429569173,1,2,3,7,1,-120.56478735500066,663.5060131151222
0,3,1,514.3016299161962,1,2,1,2,0,-736.4524902699009,0.0
0,2,0,460.48276758766264,0,1,2,4,1,-424.91087398673665,0.0
0,3,0,601.8714163157293,0,2,3,5,0,319.34451680991765,0.0
1,3,0,454.6931750765204,0,3,1,2,1,379.78481909062145,714.2040311801586
0,1,1,450.5828320479363,1,3,1,5,1,-636.3570724972074,0.0
0,4,1,609.7806056432444,1,2,2,5,0,-885.316074290784,0.0
0,4,0,550.2587043626177,1,1,3,3,1,-490.92827572760694,0.0
0,3,0,547.4233935774167,0,1,3,4,1,294.19381022392076,0.0
1,1,0,570.390138471279,1,3,2,4,0,1517.1939462014645,1110.8539348949273
1,3,0,269.66418151893413,1,3,1,2,1,528.661276594695,1093.7776690460594
0,1,0,613.5183019980473,1,2,2,3,0,112.32363365127708,0.0
0,1,0,591.8703191020404,1,1,1,3,1,-416.6436831876194,0.0
0,2,1,347.4975307135254,0,2,1,3,0,-947.2511450586959,0.0
0,2,0,463.3879289488698,0,2,1,6,0,-330.523787982992,0.0
0,4,0,494.1039068558553,1,3,1,1,1,-165.56113475221613,0.0
0,3,0,479.8254823397401,1,2,2,2,1,-353.20607884917297,0.0
0,3,1,550.0789949852802,0,1,1,3,1,-608.5371181974219,0.0
1,2,1,714.7050172746775,0,2,1,1,1,707.9909154381551,700.2118577121006
1,2,1,662.2650091509242,0,1,1,6,1,210.61822095854401,711.6188502548575
0,2,0,303.1671209852891,0,3,3,4,0,-211.53088811432153,0.0
0,4,1,593.3104985459073,0,1,2,3,1,-745.229565336726,0.0
1,1,0,699.3399979303115,1,2,1,9,1,1299.0894276073695,1223.0090684520742
1,4,1,558.0212781033804,1,1,1,5,0,103.85039873538167,1002.2729979334185
1,3,1,663.647063777895,0,2,1,6,1,598.3426328075602,1522.1563689512177
1,2,1,801.8405668551147,0,2,3,5,1,713.2122313130325,523.6375693415856
0,3,1,653.5564319160472,0,3,2,3,1,-402.00244223288075,0.0
0,2,1,537.3962893462593,0,1,2,4,1,-1298.4733145999048,0.0
1,4,0,656.763271112713,1,1,2,5,0,728.2952035342466,579.0996798917381
0,4,1,521.7331749645336,1,1,1,7,0,-1063.1527413701665,0.0
1,2,0,503.58545649274333,0,2,3,1,1,1355.6771022003861,662.4942800258077
1,2,1,447.2878646429401,1,1,2,6,1,359.1309836332873,1362.7263134418276
1,3,0,734.5120038248162,1,2,1,3,1,1389.8015375015025,1328.5694667785126
0,4,0,377.2357001086998,1,3,1,5,1,-497.4275049754891,0.0
1,1,0,729.8551587017174,0,3,2,3,0,1294.2464995760222,891.3181049522159
0,3,0,574.9796185610558,1,2,3,5,1,-75.26849264720902,0.0
1,3,0,290.10407377970876,0,2,1,4,1,831.0634415042489,943.7832041930478
1,3,1,555.1473939487132,0,1,3,6,1,10.748099223422656,857.7514943505033
0,1,0,184.99602385225637,0,2,2,4,0,-315.83302243457933,0.0
1,3,0,593.8262025246554,0,3,1,6,0,575.8208547969859,629.0333199553797
1,4,1,632.7847224483487,0,1,1,5,0,483.29219801442804,1117.7313112228683
0,1,0,411.14660665219196,0,2,1,2,0,512.041976754409,0.0
0,1,1,518.5321543933374,0,3,2,1,1,-216.9094057276204,0.0
0,4,1,793.123615062543,1,3,1,1,1,-61.17987271146848,0.0
0,1,1,424.1379943607095,1,1,1,3,1,-749.6237292484789,0.0
0,4,1,341.16386194150994,0,2,2,5,0,-499.15646519391805,0.0
1,2,0,722.2495103693898,1,1,2,3,0,988.6034782065419,1045.1569616706088
0,1,1,794.3880785796192,1,1,1,5,1,-624.2922636380781,0.0
0,4,0,500.5543507771771,1,3,1,4,0,188.03404293797178,0.0
1,2,0,651.7194553112535,0,3,1,3,0,1205.8104959865366,854.5480227493406
0,3,1,701.2213873296322,1,3,2,6,0,-366.11610520939695,0.0
1,2,0,388.6273651192424,1,1,3,5,1,584.3654372950685,608.1526898563139
0,3,1,427.20412469481977,1,3,1,6,0,-674.4820455544261,0.0
0,1,1,684.6311769732102,0,2,3,2,1,473.1104198220456,0.0
1,2,1,752.7521418062764,0,1,2,5,0,979.3644895488715,1272.9971042783573
1,4,1,584.4321290261532,1,2,2,6,0,211.7693841031996,1176.7465633656593
1,2,0,368.0278469746919,0,1,2,3,1,248.5819318776223,1167.2368001418024
1,3,0,798.0591667549162,0,3,1,5,0,1110.6501062882362,603.4518664756622
1,2,1,420.35436532820535,0,2,1,5,0,-111.74271304176563,955.0109796669591
0,4,0,449.7293328242822,1,1,2,6,1,-710.4780525342469,0.0
0,1,1,551.3506751734433,1,1,2,3,1,-381.06635226424686,0.0
1,4,1,733.1240631072161,0,1,2,6,1,404.82782147451604,1158.5538642417848
1,2,1,628.0963964828336,1,1,1,11,0,76.08673816350347,845.9208848693972
1,1,0,562.2298250542866,0,2,3,5,0,1383.6826195806768,857.2049427024331
0,1,0,569.4932795177159,1,3,2,6,1,38.14676798777492,0.0
0,1,0,506.52720029651994,1,1,1,5,1,-8.109501673213856,0.0
1,3,0,583.7209271777759,1,1,1,5,1,447.74723480702664,776.0015690737912
0,2,1,120.56598834585452,1,2,2,2,1,-1719.3780622832373,0.0
1,4,0,455.5088811395302,0,3,2,10,1,838.3829719749681,1269.9161119088603
1,2,0,536.1982902375172,1,1,1,2,1,515.9046363634578,709.3675784772973
0,1,0,327.34788745707397,0,1,3,2,1,-284.7087049402121,0.0
1,3,1,557.948497671734,1,2,1,2,1,48.91099643720477,594.801171650312
1,3,1,469.3293168520818,1,1,1,3,0,756.385986742217,1465.0836472235694
0,1,0,763.3213547473235,1,1,3,3,0,395.08953944434734,0.0
1,1,0,735.9529587822285,0,3,3,3,0,1117.7820734557326,570.9695223250815
1,1,0,430.12916463227555,1,2,2,3,0,499.21581749486603,510.338998908697
1,3,0,477.3743432649957,0,2,3,7,1,812.046431270355,1215.9592506541671
0,3,1,488.9078651587411,0,3,1,5,1,-643.7615072347015,0.0
1,2,1,432.2510785760566,1,2,3,6,1,20.98157407039301,697.9158851174202
0,4,0,529.253747604219,0,1,1,1,0,137.51585198141362,0.0
0,4,0,386.25768966686144,1,1,1,4,0,-96.79274502779441,0.0
1,3,1,330.40769975937104,0,1,1,3,0,-25.028189377420063,781.9184207283918
0,4,0,593.4066835850402,0,1,1,7,0,-344.9622686755447,0.0
0,1,1,594.4294376332716,1,2,1,4,0,23.331337851805415,0.0
1,1,0,379.3526360510011,0,3,1,3,1,1206.0578275781322,1027.4103277319955
1,2,0,634.3033146143899,0,3,1,7,1,811.6640108764485,726.5324333982461
1,1,0,405.26334062520027,1,2,1,1,1,1198.3532346160382,1243.1608344489214
1,3,1,537.9747857056972,0,1,2,4,1,444.72334027474636,1282.3788168879282
0,4,1,623.0516018918684,1,1,1,3,0,-582.9802962137009,0.0
0,1,0,494.9581152944431,0,3,1,5,1,22.064102613141287,0.0
0,1,0,568.2111368211702,1,2,2,2,1,-192.6493912378379,0.0
1,2,0,422.5355534168642,1,2,3,4,1,625.4567664953305,789.8787445995516
1,4,0,470.53001248578545,1,3,2,4,1,722.8014770084036,815.5516148652965
1,2,0,469.1210853679489,0,3,1,4,1,1187.4413121866667,1396.9680843324736
1,3,0,388.0132480189642,1,3,2,6,1,598.3380414239418,1220.5724332868867
0,1,1,473.4838755326327,1,1,1,8,1,-1118.1580399319855,0.0
0,1,0,267.707255170438,1,3,1,5,0,-16.972658109633016,0.0
0,4,0,426.3269379286843,0,3,1,3,1,-94.56876723223127,0.0
1,4,1,457.26867599454937,1,1,3,4,0,35.72448071888394,1055.4840307978236
0,1,0,461.57303712569296,1,2,1,4,0,-411.3329300058638,0.0
1,4,1,463.77538311938315,0,1,1,4,0,-253.4809356528795,377.7157539011232
0,3,0,490.73537002098067,0,3,1,7,0,-381.75036936614555,0.0
0,4,1,571.9162277129096,1,1,3,5,1,-626.4723870728355,0.0
0,2,1,631.1775611198784,0,2,2,5,1,-680.8482653735394,0.0
1,3,1,402.53521597275994,1,1,1,6,1,366.0335125837098,1373.230754847017
1,2,1,319.51987169162834,1,3,2,2,1,-447.09134262708125,334.8055646017933
0,3,0,343.6933381635346,1,1,2,7,0,-841.750815759285,0.0
0,1,1,426.9195618207609,0,1,2,3,0,-785.4190599080807,0.0
1,1,0,447.2118023275236,0,2,1,5,1,893.1357236596399,907.158677590168
0,2,0,384.5005900703814,1,3,3,2,1,-161.76625887652762,0.0
1,3,0,305.5825003625158,0,1,1,4,1,804.9889657474632,1174.819167498269
1,1,1,431.58187587887176,1,1,2,6,0,-560.7676452948709,458.3295238044391
0,3,0,527.2139930170957,0,3,1,6,0,60.89105368674305,0.0
0,4,1,589.2544198753347,0,2,1,0,0,-394.15927137904896,0.0
1,1,1,416.3865420337518,0,3,1,0,0,1130.3584896135894,1304.6358544524037
0,3,1,438.0503266784849,0,1,2,2,1,-1033.029908104479,0.0
0,2,1,360.99525367290335,1,2,1,4,1,-944.2284065726233,0.0
1,4,0,495.2841244437835,0,1,2,3,1,6.77801534120772,976.202141087136
1,1,0,372.73570487137783,0,1,1,4,1,540.3452327079084,993.8261718727407
1,3,0,585.9691719861801,0,2,2,3,0,1393.3095355152395,1481.8781142180019
1,4,0,232.12002620988335,0,2,3,8,1,-108.32900263332377,657.8662639689842
0,4,0,446.05554913213064,0,3,2,6,0,-72.27832256137197,0.0
0,3,0,545.1661008787613,1,1,2,3,1,-521.7969518811348,0.0
1,2,0,527.5751774483756,0,2,2,0,1,1361.3322712629447,1037.1724736908209
1,3,1,903.9550495970745,0,2,1,2,1,646.5961427290006,812.9472959528998
0,4,1,552.4700036851862,0,3,3,3,1,-642.919387294055,0.0
1,3,0,349.39181047369846,1,1,1,6,0,492.6515827857805,1445.4071207796273
0,1,1,485.680362936639,0,1,2,3,1,-550.122526204174,0.0
0,4,0,233.56304998003225,0,1,2,4,0,-732.4509400217726,0.0
0,3,0,487.91003760548585,1,2,1,9,0,-308.62769973537235,0.0
0,3,1,375.0415914498862,0,1,1,7,1,-1111.113475027384,0.0
0,1,0,637.3085413340243,0,3,1,3,0,504.1233791908513,0.0
0,3,0,417.56895881066976,0,1,3,2,1,-116.76181369360103,0.0
0,2,1,482.485112630713,1,3,3,2,0,204.22489550553303,0.0
1,3,1,404.66632378933946,0,1,2,2,0,840.4238617932785,1728.2120153139053
1,1,1,760.8277027779998,1,2,2,4,0,1575.831726683702,1323.7257314041558
1,3,1,451.81358508231324,1,3,3,6,1,462.27565421846884,1014.0826496349275
1,4,1,774.8835565218803,0,1,1,3,1,283.5344204275772,648.1695039624719
0,1,0,622.12276431774,0,3,1,3,1,444.08986048097177,0.0
0,4,0,572.310009100308,0,2,2,5,1,-980.6598040475453,0.0
1,2,0,555.3099720976279,1,3,3,5,0,721.7245101997905,541.0922688995037
0,4,0,559.0695947324377,0,2,3,5,0,-95.44228034403076,0.0
1,4,1,210.8491130981585,0,1,1,7,1,-423.07584857331267,638.1718161165642
0,3,0,458.1674908773865,0,1,1,3,1,-381.02849431064203,0.0
1,3,1,626.7736956776482,1,1,1,2,1,15.393304092010727,631.1927558145026
0,4,1,492.6654224788842,0,1,1,1,1,-770.2106131560156,0.0
1,2,1,289.22152297946377,1,1,1,6,1,-303.3784906853792,1174.0957531778652
1,2,1,492.1393324133796,0,1,2,4,1,-20.866412875725032,902.9689140571791
1,3,1,755.6158274383237,0,2,1,4,0,1409.0409411694454,1412.237617750648
0,4,0,687.0337573302079,0,3,3,6,1,-295.81072085511875,0.0
1,4,1,490.69939859509526,0,1,1,1,1,260.73628336167883,962.4167088662258
1,4,0,642.717391558713,0,1,2,4,0,607.9993232800354,924.2191937136522
1,2,1,445.0239469447922,0,2,1,3,1,742.3416016420864,1114.8218856125359
1,4,0,244.41926197599216,1,1,1,4,0,340.2593234675467,994.6460770619532
1,1,1,361.33010178056685,1,1,1,4,0,-489.6636483629064,572.2947755282512
0,3,1,734.4333152762297,1,1,3,4,0,-331.579070388001,0.0
1,1,0,458.9010377256044,0,3,3,2,1,1578.7337220039149,1199.6701593625905
1,2,0,463.49240309374727,0,3,1,2,1,1378.8698714729062,1394.4220794463936
1,2,1,455.0242705587679,0,1,1,7,0,549.6096414653547,1288.049169041682
0,2,0,785.6204884359511,1,2,3,7,0,374.5833804411146,0.0
0,3,1,743.8938373043095,1,2,1,2,1,-160.79502686020416,0.0
1,2,1,832.8170350172201,0,2,1,5,1,1064.3242078779804,1127.1855004189626
1,2,0,476.1432184399923,0,2,2,3,1,778.0081350685732,973.4349845370967
0,1,0,544.3436733120643,0,2,3,4,1,220.09905761247978,0.0
1,2,0,272.5036175868813,0,1,1,1,1,608.2662115135455,1216.0775976498326
0,1,1,721.5401639177412,0,1,1,3,1,75.78664798371028,0.0
0,1,0,324.83306730980973,1,2,3,5,1,329.6923738488235,0.0
0,3,1,532.5163345643944,1,3,1,2,0,-467.2953474637028,0.0
0,3,0,335.4046208550734,0,2,1,4,1,-437.3531745426642,0.0
1,3,1,411.66997598919556,0,3,2,5,0,525.0473401139157,1054.532987438427
0,2,1,374.41063534254494,1,3,3,2,0,-186.49011248775736,0.0
1,2,1,408.81871089862733,0,1,1,5,1,-192.7940040060599,658.3159383828604
1,4,0,419.1315945276532,0,2,3,4,0,955.0730898386878,1271.6095017409157
1,3,1,417.7596807612384,0,2,2,3,0,279.5007252025645,639.2294367255495
1,2,1,625.000086767046,0,3,1,4,1,1459.0028146688794,1635.2558205193104
0,1,1,334.270581040622,0,3,3,5,1,-504.4843470600225,0.0
1,2,1,533.08121405208,1,2,1,5,1,377.14639367886343,1222.090098628458
1,2,0,682.6938728458338,0,1,1,6,0,1399.744469913358,1264.112626916373
0,2,0,423.0205453229906,0,3,2,0,0,-228.35865546802387,0.0
1,3,1,392.31216638785975,1,1,1,3,1,-126.52569480160636,736.8251290063787
1,3,0,465.42130622296236,0,3,1,4,0,878.1758548549166,683.0969583702321
1,3,1,676.9587812541065,1,3,1,2,1,1093.1101585044275,1381.7201882347172
1,4,1,529.1161446430036,1,1,1,6,1,66.14562175120415,1314.5219896704912
1,4,0,420.31785580886026,0,2,3,3,0,1331.2845430679918,1310.4282421314072
0,3,1,572.581497678206,1,2,2,5,1,-683.6561441438239,0.0
1,4,0,334.6561775245365,0,2,3,1,0,292.5124902614141,539.1754973302282
1,1,1,602.2039265664422,1,1,1,2,0,420.31301989822293,530.2086854178023
0,1,1,561.2910961552651,0,3,1,3,0,-3.1598688482672372,0.0
0,1,1,453.8287293291674,1,3,1,3,1,-574.0601687700682,0.0
0,3,0,374.21213023291534,1,3,1,3,0,-300.21292047035746,0.0
1,4,0,366.9978616574814,0,1,1,3,0,647.9712632467707,1083.2493917301597
1,1,1,580.2226004518866,0,3,2,4,1,760.7754951858093,1334.5751479845342
0,4,1,684.3470753733593,1,3,3,7,1,-471.4268409577667,0.0
1,1,1,404.4038379456808,1,1,3,4,1,173.70749007400974,755.404828999642
0,4,0,568.7580055327227,0,1,1,6,0,-13.143673141818113,0.0
1,2,0,186.94594720968968,1,1,3,5,0,455.31929533056245,915.4106534712381
1,1,0,412.30734040142005,0,3,1,1,1,1228.922028784473,1032.1974649402357
1,2,1,495.3411600693647,0,2,1,2,0,489.66821584949776,900.2580242465222
0,2,0,363.54748745272497,0,3,3,6,1,-329.4994813934471,0.0
0,2,0,359.52404378156064,0,1,2,3,0,-396.7003285125006,0.0
0,2,1,399.83306652966706,1,3,1,6,1,-564.6362378250019,0.0
0,4,0,543.8289092489559,0,1,1,7,1,-357.4404487759708,0.0
1,3,1,471.9006472390438,1,1,1,5,1,-139.96446268090745,770.7051309316528
1,2,1,164.26531500125418,0,2,2,7,1,-557.3962895326549,1159.279895904813
1,3,1,181.89497710474006,0,1,1,2,0,-194.1762097175104,770.4186612766398
1,3,0,408.9702233214237,0,3,3,8,1,231.19703410489507,783.678220601285
1,2,0,568.6529879080329,0,1,1,7,1,140.92269337369837,639.6169303726256
1,2,1,87.87427359121477,0,2,1,4,1,-958.5337594640815,488.92535191811254
1,1,1,425.0404735772554,0,2,1,5,1,343.2796321209761,1160.2856137623528
1,1,1,421.0628215223868,0,2,2,1,0,1097.9571250092106,1349.684994733348
0,3,0,708.2506667312672,0,1,1,3,0,257.6944253325004,0.0
0,1,1,442.24672824307044,0,1,2,3,1,-925.2591632308948,0.0
0,3,1,557.4483477111393,0,3,3,2,1,-379.97570208998536,0.0
1,3,1,521.1885710131195,1,1,3,5,1,-320.55958335838,347.99467603129335
1,1,1,180.4150280289199,1,3,3,5,0,628.2031329047152,1218.0191637146045
0,3,1,615.2310824947606,0,3,3,2,0,-0.4267376201123305,0.0
1,2,1,532.3094758184432,0,1,2,6,0,-274.2139404663484,656.819928820742
1,4,0,576.2402959511884,0,1,3,1,0,1166.8846249309277,1085.0293955116017
0,2,0,1088.9356559654489,1,2,1,4,0,1309.6017818160415,0.0
0,4,0,187.38305907521175,0,3,1,1,0,-611.100218010716,0.0
1,3,0,758.7044974641663,0,3,1,1,1,1515.1191544323622,1002.0758345465765
1,1,0,456.88287208994666,0,2,1,3,1,1302.4128510632713,892.9219438615444
1,3,0,543.0993356604514,0,3,1,3,1,618.5924544335493,658.6402976038647
1,4,0,493.17316320481365,0,1,3,1,1,1066.2774830982812,809.7569664183044
1,3,0,436.3645499902935,1,3,1,5,0,580.2955380144367,913.2856371816542
1,4,1,414.5250607641862,0,3,1,6,1,-890.2939557477166,432.897459319884
1,4,1,549.4263103359514,1,1,2,0,1,-177.61696024849596,764.0991688368156
1,1,0,272.42394549924813,0,1,1,2,1,395.42936508031323,888.3344471059623
0,1,1,612.5868751282649,0,1,1,5,1,-815.155325790848,0.0
0,3,1,437.5708392672119,1,1,1,3,1,-1027.133534910246,0.0
0,2,0,330.4895991439463,0,3,1,5,0,43.93363466090946,0.0
1,4,0,432.49807130062794,1,1,1,2,0,767.3688474275301,1237.4457781855685
1,4,1,688.5723825293859,0,1,2,6,0,711.0638867747447,1453.4059443932608
1,2,1,419.6997369475665,0,1,2,4,1,-98.71937296530939,547.629290991694
0,1,1,553.7680427314431,1,3,1,2,1,-469.0021354976484,0.0
0,4,0,390.35655864267903,0,2,1,4,1,-340.67963931693384,0.0
0,2,0,613.6882774885429,1,2,1,6,0,-320.95416585696245,0.0
0,4,0,602.8261608185306,0,1,2,5,1,-588.9891645301714,0.0
1,2,0,777.2913249944618,1,3,1,5,1,1038.5300743605776,815.2792999085332
0,3,0,473.6654081751177,0,3,1,6,0,152.32207425279572,0.0
0,1,0,600.298220713686,0,1,2,4,1,-232.06067241358573,0.0
1,3,1,514.7101309308417,1,1,1,8,1,62.29942330480654,1325.1461925493775
0,2,1,694.3807672794521,1,1,1,0,1,-253.95835156242904,0.0
1,3,0,392.17514185869044,1,1,1,2,1,280.90380688526176,656.0637951691365
1,1,1,611.7507969315922,1,2,3,1,1,1500.4538443427527,1839.9472439013493
0,3,0,470.7954055824977,1,3,3,1,1,-48.18603914790157,0.0
1,4,0,490.37177343372537,0,2,2,6,0,965.7505210788194,1112.8606953580347
1,1,0,513.7628726672559,0,3,1,8,0,994.9947559934268,1160.3522644620136
1,1,1,537.8360594640017,0,2,2,3,1,712.1362916570529,1137.0868546516347
0,1,1,482.56564353170626,0,3,3,3,0,-179.65823248507945,0.0
1,3,1,532.2069774755789,0,3,3,8,1,1214.6099041028592,1535.783154480877
0,3,0,736.7177086343277,0,1,1,4,1,171.16051424496322,0.0
0,3,1,647.8174528422828,0,1,3,3,1,-202.1612418750423,0.0
0,1,0,630.3731888745344,1,2,1,9,0,-111.95702772579034,0.0
1,2,1,431.6690710964194,0,1,1,2,1,559.0789021130707,1096.6722642647226
0,3,1,366.61387576575135,0,1,2,5,0,-840.3837842623236,0.0
0,2,0,643.295083735663,0,2,1,5,0,318.84040043309693,0.0
1,4,1,631.4070188794691,1,3,3,4,1,398.3803024166035,907.7916275956451
0,1,1,720.9006013626473,1,2,1,3,0,-36.128028946021374,0.0
0,3,0,409.40290610461557,1,3,2,6,0,-756.4375478161323,0.0
0,2,1,465.56770169594796,0,2,3,3,1,-99.84752385350038,0.0
0,2,0,254.07737562118487,0,3,3,2,1,-239.66845531696598,0.0
0,3,1,441.12933409086907,0,2,1,1,0,-555.2761447859323,0.0
0,3,1,649.4855765869171,0,3,1,2,0,-389.3313416035044,0.0
1,4,1,430.0256931157703,0,2,2,1,1,189.462808784345,909.8452958508605
0,1,1,596.0719692801235,0,2,1,3,1,-200.05003729760784,0.0
0,1,1,471.4245341003283,0,2,3,8,1,-651.9664575006113,0.0
1,3,0,548.6085542332341,1,2,3,1,1,681.3777198242575,1075.399378137548
0,3,1,327.8462915276499,1,1,1,4,1,-1300.5416615144247,0.0
1,2,0,512.7814174450851,0,1,1,8,0,857.0777889245159,995.9011229980247
0,1,0,51.32960436489151,0,1,1,3,0,-522.7212719717335,0.0
0,1,0,471.9655762757023,0,3,3,3,1,248.70807019176038,0.0
0,4,0,255.42901344272897,0,1,1,7,0,-851.6460122508645,0.0
0,1,1,680.8991774820224,1,1,1,4,0,-594.3752634627875,0.0
0,2,0,616.6111029146766,0,3,1,2,1,467.69075817189616,0.0
0,1,1,570.0006472949121,1,1,2,1,1,-833.0232548735144,0.0
0,2,0,728.150934073907,0,2,1,7,1,51.376538694998246,0.0
0,1,0,357.6625218762744,1,1,1,5,0,-520.4844209234119,0.0
0,3,1,762.1044796873337,0,3,3,2,1,241.8946547911279,0.0
0,1,0,639.8287346390578,1,3,3,6,0,526.1485726820403,0.0
0,4,0,464.5167069171581,0,3,2,3,1,-374.66539787640113,0.0
1,1,1,670.3430220774417,1,2,1,3,1,859.4543021870584,1015.7029373954473
1,3,0,334.0559731382549,0,3,1,1,1,770.9651009852213,1268.229002786112
0,4,1,376.32287577084895,0,1,2,5,1,-1251.4152755174464,0.0
1,3,0,408.71154151404494,1,1,1,3,0,93.75705933379095,641.6624330274417
1,3,0,420.6533437903977,1,1,3,4,0,846.5865981385781,860.5939232427579
0,2,1,341.51635358596207,1,2,2,4,1,-962.8675675948876,0.0
1,2,0,683.4624600642987,1,2,1,7,0,1781.4436386408627,1576.261344981936
1,3,0,461.17183994452523,1,2,3,4,0,845.5041392102873,1014.3948161339837
0,4,0,552.8757452535319,0,1,3,3,1,28.27582771964984,0.0
0,3,0,414.4472950379479,0,2,1,2,0,-301.7251191611838,0.0
1,3,1,226.90950491772242,0,3,2,2,1,-340.37969946371845,863.9612048891889
1,3,0,540.5086037587133,1,2,1,2,1,1169.8522093224342,1344.1205945562765
0,2,1,213.16175368703347,0,3,1,4,1,-1117.20200563115,0.0
0,1,1,489.7048930871797,0,1,1,4,0,-323.5216827366728,0.0
0,3,0,294.7527441750784,0,3,2,4,1,-602.5621356683218,0.0
0,4,1,798.0913998846212,1,2,3,4,0,-368.9947860879182,0.0
1,1,0,636.7044083262083,0,1,2,5,0,1029.1168907121107,1166.0966592422549
0,3,1,515.8630686907221,0,1,1,3,1,-586.7267317248611,0.0
0,1,0,689.5560016482003,0,2,2,3,1,-274.48110127451173,0.0
1,3,1,373.05260338013966,0,3,1,1,1,-85.44059987977559,757.188267596855
0,1,0,581.521906800514,0,2,3,6,1,452.863816993209,0.0
0,2,0,529.971565057807,1,1,1,6,1,-423.9153185486616,0.0
1,4,1,539.6030122000504,1,3,1,5,1,205.34629919957703,852.6511422889739
1,2,1,690.8530250160152,1,2,1,4,1,1088.2054685393398,1416.4260668369134
1,3,0,609.8738154169704,0,2,2,3,1,1159.9007755402588,1283.2649128855592
1,4,0,543.3085494237534,1,2,1,2,1,775.8356311208476,1342.6549235618738
0,4,1,251.7668845657556,0,1,2,3,1,-1587.523690896263,0.0
0,1,1,355.9930557080804,0,2,1,4,0,-834.5543494054384,0.0
1,2,1,481.5936599606414,1,1,1,4,0,-222.26880320761842,358.93056119135747
0,1,1,514.0058561414977,0,3,1,4,1,-245.07510109169235,0.0
0,4,1,330.4694412989114,0,2,3,8,1,-1280.0587538592567,0.0
0,4,1,861.7515013367631,1,2,3,3,1,-173.1271138782352,0.0
0,3,0,727.459108288036,0,2,1,4,1,142.8116021264961,0.0
0,4,0,590.3177480588726,1,3,1,3,1,-98.88435157300604,0.0
0,3,1,510.8055291925617,0,3,1,5,0,-636.1890354353237,0.0
0,3,1,468.16865451482727,1,2,2,6,0,-570.135898553571,0.0
0,1,0,357.21223099666463,0,3,1,7,1,-128.6068162299358,0.0
1,4,0,511.62207777782936,0,2,3,7,0,842.5384158445282,960.4885462196164
1,1,1,538.6628810214127,1,2,3,3,1,585.8584571892006,1031.6301718410587
1,4,1,313.73591367775634,0,1,1,3,1,-120.53457212119312,1175.57524766268
1,4,0,550.1264625867346,0,2,1,3,1,811.0030198667052,906.2343072934137
0,3,0,476.7111426762877,0,1,3,3,1,-229.68769553941644,0.0
0,1,0,213.82886631839136,0,3,3,7,1,-302.51031520334357,0.0
1,2,0,370.9422483830747,0,1,1,4,1,503.89838397757677,1277.3472455720116
1,2,0,437.95916998675335,0,3,1,5,1,659.6357457012989,908.6557547829077
1,2,0,783.1531486010285,1,2,1,2,1,2126.024894279266,1823.112750801058
0,1,1,583.4829686800638,0,2,1,5,0,-81.21310481899727,0.0
0,4,0,299.6777646350163,0,2,1,6,0,-734.9481643010229,0.0
0,3,1,572.9054434126456,0,1,1,10,1,-1287.8084827904684,0.0
0,2,1,267.9044016592452,0,1,2,2,1,-959.1989450962967,0.0
1,2,0,662.403658083061,1,1,1,6,1,755.1529044006204,924.3587042051768
1,2,1,429.3313022273182,0,2,1,7,0,691.4922152084794,1741.899978030426
0,3,0,485.95457168912435,1,2,1,3,1,-605.5000451952126,0.0
1,3,1,698.8694971313284,0,3,3,5,1,421.89883679591946,752.9697715129797
1,4,0,306.9254647123625,1,1,3,2,1,833.9106556023571,1390.2719360641559
0,2,1,290.4322722330513,0,1,1,4,1,-736.4945658317032,0.0
0,4,1,412.46010104809926,1,2,1,3,1,-1197.537714962509,0.0
0,4,0,655.7568276528975,0,3,3,3,0,491.39066686313623,0.0
0,1,0,272.09808867847363,0,3,1,1,0,-334.02302654886813,0.0
0,4,1,75.17666028341466,0,2,1,6,1,-1465.0428320298677,0.0
0,1,1,432.3261712386502,0,2,1,3,1,-250.19377391530986,0.0
0,4,0,582.761119986638,1,1,1,7,1,-497.5173766892566,0.0
0,2,1,680.0392624608244,0,3,1,6,1,-463.57402446346896,0.0
1,4,0,430.52579568719017,0,2,3,3,0,192.29592453089901,0.0
0,4,1,438.28600893259966,1,1,2,3,1,-1072.7946203403662,0.0
1,4,0,673.0851101383621,0,2,1,2,1,978.7062241522409,888.3596375975955
0,4,1,219.53874504568694,1,1,3,4,1,-1474.2384704493618,0.0
1,2,0,441.7218837225486,1,3,1,5,0,904.0934250885585,918.7566181591695
0,1,0,528.5635834887587,0,1,1,6,0,-144.09785563647551,0.0
0,2,0,567.3828081927552,1,2,2,5,1,-186.63737078506716,0.0
1,1,0,423.5289960213676,0,1,2,1,1,473.70850415816994,628.7071821615914
1,3,1,505.16615175587623,0,3,1,8,1,621.2427563413466,1196.670219526551
1,2,0,126.75089698805158,0,3,1,8,0,392.36817761437555,1117.443016231346
0,4,1,401.26273814992277,0,2,2,3,1,-1027.9752385076722,0.0
0,3,0,568.0263068831702,1,2,2,6,1,-238.29789229501716,0.0
1,4,0,352.65589486179806,1,3,2,4,1,490.82170693706973,1159.0453789550809
1,1,0,508.8476332384396,0,1,1,3,0,1416.317548054211,1307.351327334315
1,4,0,567.0308751204047,0,1,1,7,1,-63.501639672945984,467.2983239494829
1,4,0,448.61761987133525,1,1,1,3,1,634.6206654080493,1194.423403364052
0,2,0,525.5695656494856,0,3,1,4,1,172.54586289339085,0.0
1,3,0,355.59011520730814,0,1,3,7,0,1566.873626553541,1566.3059737024132
0,4,0,469.008308045593,0,3,1,4,0,-432.18777564125793,0.0
0,1,1,591.5324254383834,1,2,1,6,0,-665.7051475051177,0.0
0,3,1,523.5459441452651,0,1,2,5,1,-942.9763244752216,0.0
1,2,0,412.02030956540966,1,1,1,11,1,430.614838036304,1202.6556209746857
0,1,0,533.632460643619,1,1,1,3,0,6.918312808415088,0.0
0,2,1,607.1914685954927,0,2,3,4,1,-399.86851168037504,0.0
1,1,1,192.5088082133783,0,1,3,2,0,157.44462323126635,1065.1529117754676
0,1,1,673.8611097433846,1,1,2,3,0,-461.36131681138136,0.0
1,1,0,449.5617891978392,0,3,1,0,1,1556.446866801909,1168.6568592055726
0,4,1,563.8234899860346,1,3,2,5,1,-835.6514097646362,0.0
0,3,1,679.5870385467842,1,1,2,5,0,-495.50706259884316,0.0
1,4,1,294.2489454154301,1,1,1,2,0,95.32266959640765,1394.6320654674882
0,2,1,393.583849635868,1,1,1,3,1,-620.7955614036246,0.0
0,2,0,456.71769561864426,1,2,3,6,1,-327.3003868245306,0.0
0,3,0,382.43697183133577,1,3,1,3,1,-231.30421666357674,0.0
0,2,1,760.2404863755213,0,1,2,4,1,-434.6553768307215,0.0
1,1,1,371.4841859259811,0,1,1,5,1,-156.66142348905197,794.115165335989
0,3,0,416.66798307697,0,3,1,2,1,-38.43431713148037,0.0
1,1,0,530.6583547404465,1,2,1,4,0,1040.9486614801126,824.8591699240055
0,3,0,319.67757108858666,0,1,3,4,0,267.11921473109186,0.0
1,3,0,440.64789323656044,1,2,1,6,0,1125.8652447275529,1337.039415377153
1,1,1,547.6179891875263,0,1,2,3,1,1169.0670479786972,1622.7862333292428
1,1,1,450.0709393426233,1,1,2,3,1,335.29120749381343,931.2084737402504
0,4,0,485.9919711650078,0,3,2,5,0,-114.64123915772822,0.0
0,2,0,420.6001831327444,1,3,3,4,1,-76.84267909018553,0.0
0,1,0,272.82945362288496,0,2,2,5,1,-425.6108127169466,0.0
1,4,0,548.2389817008858,0,3,1,6,1,1044.4180317105688,1101.0981520289681
1,1,1,763.2399607470862,0,2,3,5,0,1932.4165239783715,1509.4039484510463
1,3,1,502.7602446175157,1,3,2,1,0,162.42241177533532,960.4189855318738
0,4,1,533.7896175871324,0,2,1,5,1,-1177.3637064467007,0.0
1,1,0,603.9084132675289,0,3,1,4,0,1055.8270802198667,380.28937065096386
1,1,1,309.6004255179951,1,3,3,0,1,360.7941143062938,955.885580590586
0,1,1,755.3771987194408,1,1,1,5,1,-698.5208006650307,0.0
0,2,1,530.3493194634203,1,3,2,3,0,-804.8687277459858,0.0
1,1,0,744.7785348633663,0,3,1,4,0,1675.1808478177945,697.6434403955668
1,3,0,390.0450506714016,0,3,1,4,1,355.2185660671821,444.6284271544815
1,1,0,772.7092883836738,1,1,2,6,1,674.6501910568745,824.6048214090345
0,3,0,616.2733241052175,0,3,1,5,0,23.65911804435362,0.0
1,4,0,582.9560128778537,1,3,1,2,0,640.8509858153031,555.4443090672944
0,4,0,535.1036681529722,0,1,2,2,0,-25.466398206571426,0.0
0,3,0,462.7207072888326,0,3,1,4,1,-214.72049129322676,0.0
0,2,1,680.0797487710809,0,1,2,6,0,-637.0860317240255,0.0
1,3,0,521.053980477207,0,1,3,5,0,1520.0968385605204,1311.5065554707717
1,3,0,204.93954446192714,0,2,2,5,1,488.61556208151757,1286.3738743318536
1,2,1,332.4220307439497,0,2,1,6,0,270.6170389519045,1110.3091759674635
0,1,1,472.12313717108793,1,2,1,4,1,-523.3903692942984,0.0
1,4,1,546.4998474748332,0,1,2,3,1,-51.856717186291235,1255.6598539286556
0,2,1,491.5117266650156,1,3,3,3,0,-167.90544976585713,0.0
1,1,1,682.8456184690494,1,1,3,5,1,807.6005466578666,1051.1488922356857
0,2,1,207.33472039420627,0,1,3,4,1,-1264.781229152157,0.0
0,2,0,521.5381904757741,0,1,1,4,0,-405.96734008287433,0.0
0,4,0,227.3031161919268,1,2,1,3,1,-871.9176364243417,0.0
0,3,0,613.9568443226252,1,3,1,3,1,57.52993854499009,0.0
1,4,0,485.83119283369956,1,2,1,1,0,908.0859413556229,972.3649486229051
1,1,0,562.9414958036177,1,3,1,2,1,1575.3444220559077,1040.1228823860977
0,2,1,370.4175559115351,1,1,3,7,1,-957.6897743284569,0.0
1,2,1,691.9197397486627,0,2,1,2,1,534.2306686329579,1026.1163910422767
0,1,1,656.2586996088277,0,2,1,4,1,-315.8062393927581,0.0
1,2,0,587.5316454517831,1,2,1,3,0,796.6738894816608,925.1051003017628
1,4,1,480.57241297048387,0,1,3,3,0,531.7551588916623,1146.7172501624666
1,1,1,586.9785927942698,1,2,2,7,1,411.29112416277917,849.0410834747892
0,3,0,393.9661148018977,0,2,2,3,0,-167.20226652129128,0.0
1,1,1,628.3333488531068,0,3,3,2,1,1032.6446611687609,1134.3015972510982
1,1,0,747.4221341485882,1,2,1,1,1,2133.416696611451,1593.8153414242904
0,1,0,660.591583996878,0,1,2,4,0,35.3309432544371,0.0
0,4,1,390.5596295288886,0,2,1,2,0,-1266.8493884284271,0.0
1,4,0,554.2125975909654,0,1,1,4,1,1009.3147206002408,1574.6926061978177
1,4,0,306.0287684362028,1,3,3,7,1,514.3994423409191,1013.6682093159554
1,2,1,585.8585466763514,0,2,2,4,1,866.6225128213453,1283.3674847479563
1,1,1,567.5905119293808,1,1,1,5,1,476.22555863360765,781.3102534033751
1,3,0,219.52754907017538,0,3,1,8,1,350.45841961190666,1002.9311702059724
0,2,0,325.7324234131454,1,2,2,4,0,-141.96950619856096,0.0
0,4,0,457.52916548843496,1,1,1,3,1,-387.6876201410467,0.0
0,1,1,454.87103792887604,0,2,1,7,0,-380.2129010122794,0.0
1,2,0,318.57845968717925,0,1,1,4,1,301.6335934598638,553.4218066112791
0,1,0,558.3468094028276,0,3,1,5,1,234.9236453882976,0.0
1,2,1,537.7210413410768,1,3,3,8,1,385.78666942525183,764.2353630775095
1,3,1,470.8596302032221,0,3,1,4,1,552.488955600377,1335.9101201720873
1,2,0,386.63127497624555,1,2,1,3,0,405.337688544921,1060.7143681267926
0,2,1,657.3060689624845,0,2,2,1,1,-183.89295573764156,0.0
1,2,1,748.3110669632442,0,3,3,1,1,1479.1848523319968,1231.7625457153958
0,2,0,427.4657774230194,0,1,1,8,0,-533.8557535804714,0.0
1,4,0,408.1749624267769,0,2,1,5,0,925.3079879780621,1515.5360246708287
0,4,1,573.6811498117994,0,2,1,3,1,-613.3432953037772,0.0
0,4,0,446.2955930379521,1,1,2,5,1,-587.1722199659698,0.0
1,4,1,479.09041990051486,1,2,2,4,0,171.40404394113267,948.7863996230435
0,2,0,610.9479727587008,0,3,3,3,0,312.4928919890431,0.0
0,3,0,213.59658687390606,1,3,3,1,0,-338.68185556328206,0.0
1,2,0,697.7453487279004,1,1,2,5,1,510.09686629111945,529.5817721643253
1,2,0,510.9020786494012,1,1,2,3,0,602.828969360227,771.9386263733851
1,4,0,438.276028315673,0,1,1,4,1,684.8952035666701,965.4503781440106
1,1,0,486.61487686678265,0,3,1,9,1,-234.73207264287953,0.0
1,4,1,494.3644032530778,0,1,3,7,0,55.284669151111046,665.8331041106356
0,2,1,240.31980448326118,1,3,1,5,1,-1047.4502584810118,0.0
0,3,1,724.2407341179854,0,1,1,4,1,-608.1991462426164,0.0
0,3,1,506.19884484059276,0,2,2,1,1,-455.0691660370877,0.0
1,4,0,566.4503195671062,0,1,1,7,1,434.73240308020536,1083.5691068081144
1,3,1,642.7324655861064,0,3,2,2,0,808.9326398017961,1030.0035622364142
0,3,0,346.82563136595496,1,1,2,7,0,-694.2642698555047,0.0
0,1,1,571.0207848552843,0,2,1,4,1,-417.5265650178328,0.0
1,3,1,459.853836365181,0,1,3,6,1,763.8073531969413,1375.8666986240974
0,1,1,627.0156162824741,1,3,1,5,0,-94.9534971649235,0.0
1,3,1,180.91588694727568,1,3,1,6,0,237.33930934327225,1275.2797810778889
1,3,1,485.13585496380966,1,1,2,6,1,154.32100525945233,1262.924609939392
1,3,0,409.5769016324058,1,3,2,2,0,1345.865235610287,1160.2343404891808
0,1,0,564.8394425951233,1,2,2,5,0,290.19261566904504,0.0
1,1,1,570.5066281052303,0,1,1,5,1,711.177718642038,1071.531953316502
1,3,0,393.8561157766961,0,2,2,7,1,522.9116438793758,981.1069240556524
1,1,1,393.17392037359343,1,1,1,3,1,214.1962652392048,1144.8870201352238
1,1,1,483.40019471640056,1,3,3,2,0,927.1472137215887,1061.8627624923515
1,1,0,365.5036659027188,1,3,1,5,1,729.3134205732503,853.8937410896482
1,4,1,626.297554317819,0,1,2,7,1,432.67695915807997,1182.9144185960529
0,3,1,444.6189199328831,0,2,1,4,1,-604.6620594152207,0.0
1,2,1,63.951767101753774,0,3,1,5,0,425.05656595049413,1362.936456353143
1,2,1,443.7766915067291,0,3,1,4,1,272.66518869563697,456.8749649926765
0,2,1,344.21842687340416,0,2,3,6,0,-660.7899882956604,0.0
1,4,1,255.3086276808582,1,3,2,2,0,-31.86997545462671,782.5291221220083
1,3,1,314.3860042666141,0,2,3,5,1,144.58019242050332,844.7131766737492
1,1,0,516.4112707749455,0,1,1,3,1,1231.354510024061,1167.9244082769708
0,1,0,699.2961242372346,0,3,1,6,1,395.0442329829835,0.0
0,1,1,546.977671079747,1,2,1,4,0,-287.4645324152507,0.0
1,3,0,409.02449176763906,0,2,3,4,1,681.0213425369557,1009.1318687184338
1,4,1,568.3856292756054,0,2,1,7,1,-82.23422717241455,685.015126620812
0,2,1,431.1364534671512,0,3,3,1,1,-153.63919036955352,0.0
1,1,0,395.8099446255283,0,3,3,2,1,1029.6362531483567,771.5340473721367
1,1,1,326.8455997650523,1,2,3,5,0,681.0969644421953,1659.2451163163744
1,4,1,237.22567898724213,1,1,2,2,0,-200.80526455182206,1360.589990355488
1,2,0,441.5114440160832,0,2,2,5,0,668.7987571811261,1020.1779878574692
0,4,0,523.7080234880198,0,2,2,4,1,-386.8234148489786,0.0
0,3,0,485.50644949776654,1,1,1,0,1,-374.6497067748524,0.0
0,2,0,437.6049608078962,0,3,2,3,0,135.5898442956847,0.0
1,1,1,358.13809089548283,0,2,1,3,1,651.9666963859725,1076.3597769362916
0,1,0,591.2369287527453,0,1,1,1,0,603.5893413587087,0.0
0,3,1,302.4302120080123,1,1,1,3,1,-1078.9924275104886,0.0
0,4,0,616.4041870765213,0,1,1,5,1,-58.561515994244814,0.0
1,3,0,349.6674471609913,0,3,1,6,0,699.0733212555009,1087.0825052377606
1,3,1,387.1347143970448,1,1,1,2,0,244.38028253125725,1094.0089453425308
0,1,1,279.98222140764847,0,1,2,3,0,-1063.42430431666,0.0
0,4,0,424.7896779671545,0,2,1,4,1,-171.4356132549221,0.0
1,4,0,646.2968687716968,1,1,2,4,1,1316.4035855676634,1303.7691120088082
0,2,0,577.3442132665934,0,1,1,4,1,-153.70322340707565,0.0
0,4,0,646.7633168042053,1,1,2,5,0,-713.8872125057231,0.0
0,3,1,578.3213818900904,0,2,2,0,0,-523.5983001861749,0.0
0,3,0,334.4495257204446,0,2,2,3,1,-628.3601658365646,0.0
0,3,0,450.3816163508664,0,1,2,5,0,-639.6681333464385,0.0
0,4,0,382.9701306323806,0,2,1,6,0,-631.6063341660982,0.0
0,3,1,699.586235605856,0,3,2,8,0,-409.69700147312375,0.0
1,1,1,320.48170303605326,1,1,1,3,1,81.3203511025367,868.6533026709027
0,2,0,634.0546534083667,0,1,1,4,1,-411.7962126932188,0.0
1,4,1,633.9430805163154,0,1,2,3,0,-40.480474926078145,665.0372069957386
1,1,0,774.443030257413,0,2,1,4,1,1147.247600678494,728.0478143506568
0,2,0,438.5470111055754,1,3,2,4,0,-355.53299427856916,0.0
1,2,1,606.8483239370244,0,1,2,5,0,173.5294363273918,666.0201193622772
0,2,1,842.2477754808265,0,3,1,3,0,189.80571970258887,0.0
1,3,1,407.3537484599455,0,1,1,2,1,217.08800023764059,1145.775501837735
0,4,1,269.74396287014605,0,2,1,5,1,-1368.2823780461085,0.0
0,1,0,217.99849491383543,0,3,3,6,1,-218.32069967916814,0.0
0,1,1,606.9068043291998,1,1,2,1,1,-642.3373184489255,0.0
1,1,0,217.5274687912124,0,2,1,6,1,491.0286079646453,1361.3401624760945
1,4,1,444.1521420593116,0,1,1,6,1,-58.38552344002293,1020.9663987608225
1,3,0,565.5969780558441,0,3,2,5,1,953.0301230362827,1352.4393080144891
0,2,1,527.7763305244871,1,1,3,3,1,-887.574764289011,0.0
1,4,0,563.8167296276258,0,3,1,3,1,1039.8374861316643,1068.2079760362483
0,4,0,533.3434783701281,0,1,1,4,1,-382.56661370200436,0.0
1,4,1,691.8298719970089,0,3,3,3,1,505.1814357032523,890.7039511453114
0,4,0,357.15254288918044,0,1,1,3,0,-368.483136886974,0.0
0,2,1,398.4507292312203,0,3,1,1,1,-417.5374438304599,0.0
0,4,0,384.1010832093764,0,1,3,6,1,-475.88266760122076,0.0
0,2,0,624.5287717793915,0,3,2,5,0,227.49810871206148,0.0
1,4,0,635.0597882592596,0,1,1,6,0,834.8487984102342,1303.335721433306
0,3,0,567.6837978977762,0,1,1,4,1,60.17310731658574,0.0
1,4,1,677.5240500334892,0,2,1,6,0,752.7944854462827,1125.0143047776749
0,3,0,323.29386989354293,0,1,1,5,0,-655.2173788662407,0.0
1,1,1,750.0836167326705,1,1,3,3,0,542.1489105703963,519.3750971501668
0,3,1,728.4857932568387,1,3,1,4,1,-321.6131218896102,0.0
0,4,0,610.343299586862,1,3,2,2,0,7.646958194820894,0.0
1,4,1,767.269836315659,1,1,3,1,1,652.7132713557573,593.1963185201723
0,1,1,251.50651884833394,1,3,1,5,1,-1311.7905611197493,0.0
0,1,1,421.3327795606022,1,2,1,3,0,-813.2403188002785,0.0
1,1,0,389.7044808977072,0,1,2,7,1,183.62718681243524,1158.857633298418
1,3,0,608.2218985636015,1,3,3,8,0,1335.1804823884127,1256.8724236889652
0,4,1,342.4788890596782,0,2,3,7,1,-927.4786787492002,0.0
0,1,1,613.6242724006229,0,3,1,6,0,-107.24378456996517,0.0
1,3,1,705.580421599507,1,1,2,0,1,622.6664177113202,1172.1206446689596
0,4,0,604.2804350125999,0,2,2,3,1,-112.27128873070396,0.0
0,3,1,542.5626535492252,0,1,3,2,1,-545.4459225957738,0.0
0,3,0,351.8189988648876,1,1,1,6,1,-574.1263651061403,0.0
1,3,0,372.9723550811953,0,1,2,6,1,477.6026242178714,946.6852401189564
1,3,0,687.4428357945,0,3,3,7,0,785.8009427359516,640.8742955349102
0,2,1,616.9023505857998,1,3,1,2,1,-382.17396632870293,0.0
0,3,0,494.14707209336837,1,3,1,7,0,-233.91246891445184,0.0
0,3,0,437.3135681351164,0,2,1,1,1,141.05700810860094,0.0
1,4,1,196.12881903329344,0,1,1,3,1,-371.9661148119808,1096.5290678391705
0,3,0,339.37213719733415,0,1,1,3,0,-121.40923188467858,0.0
0,4,0,786.7128630709585,1,1,3,2,1,-113.14263947321615,0.0
1,1,0,307.93166434962995,0,1,1,2,0,227.96887353982132,117.36225679581503
0,2,1,528.4219731831621,0,3,1,1,0,13.009641650152076,0.0
1,1,1,651.1165959792797,0,2,2,3,1,734.4304908559701,1088.8871045450305
0,1,0,311.7615997996561,0,1,1,7,0,-199.0228579310791,0.0
0,3,1,527.7065712171625,1,1,1,7,0,-958.6282506135726,0.0
0,4,1,640.6873306265983,0,1,2,2,1,-873.5315940565895,0.0
1,1,0,501.87489828608756,1,2,3,0,0,1896.1110524342484,1152.0062138557555
1,2,1,930.2604583500153,0,3,2,3,1,768.4497398740149,781.2952832556842
1,4,1,249.7101111682707,1,2,2,6,1,-501.58514945164575,838.449204333201
0,1,1,658.8092794825818,1,3,1,9,0,-140.01779696178608,0.0
1,3,0,474.07973939053034,0,2,3,2,0,1268.6532676414397,946.2672547438583
0,3,1,615.7880232255013,0,1,1,2,0,-256.463630987198,0.0
0,3,1,566.1960727548869,0,1,2,4,0,-514.6706748550143,0.0
1,1,0,390.0265704335005,1,3,1,4,0,1567.6969764024043,1371.166492865315
0,2,0,534.349458868901,0,3,3,2,0,515.0685353059383,0.0
0,4,0,221.31478229025691,1,1,2,6,1,-1125.9562421435974,0.0
0,3,0,590.4871250857091,1,2,2,4,1,-538.0574237120752,0.0
0,1,1,544.7237698985789,1,2,1,2,1,-369.28897267739245,0.0
0,4,0,595.7990252964654,1,2,1,6,0,-0.6337866637256866,0.0
1,1,0,658.7177487630726,0,3,2,3,1,958.6600385965271,890.7278553846165
0,3,1,555.1429760314567,0,2,2,3,1,-713.096880381153,0.0
1,1,0,522.2134129697414,0,2,1,3,1,1203.2552565431527,1034.860515728743
1,4,1,367.8397495008062,1,1,3,5,0,323.55306023026606,969.3202765048029
0,2,0,393.16688545264236,1,1,3,2,0,-291.9635033303026,0.0
0,2,0,678.0101930265996,1,1,1,6,1,25.705787306786306,0.0
0,1,0,715.4503108558968,0,1,3,3,1,351.6180845876828,0.0
1,2,0,464.2834345531919,0,3,2,3,1,869.2146204821372,1107.5159839384523
0,4,0,506.9004120879911,1,3,1,1,1,-323.2510348909533,0.0
1,4,1,364.3078437509351,0,1,1,4,1,-165.31276022093195,1069.3339813148536
0,2,1,675.9135267901167,0,3,2,7,0,-236.30842141884034,0.0
1,2,0,599.8125235537668,1,1,2,4,0,480.74769100622757,626.5831609243701
0,3,1,791.1826154695624,0,1,1,1,1,-70.3785832493146,0.0
0,4,1,368.25153842303916,0,1,2,1,1,-1271.9924612350687,0.0
1,3,1,443.2988151472674,0,1,2,2,1,203.74033281089308,949.392689505362
1,2,0,534.7168883788358,0,1,2,4,1,899.8886946876199,1061.0546811155643
0,2,0,596.9734306588656,1,2,1,8,1,-556.0991429295398,0.0
1,3,0,467.64985436785514,0,2,3,3,1,1484.5716434110805,1231.8502147799204
0,1,1,369.05583643194495,0,3,1,4,1,-528.4352594189385,0.0
1,3,1,632.2111293385357,0,1,1,3,0,1053.0006475547166,1301.597807699894
1,2,0,608.1703043818372,1,1,1,4,0,1392.6071886028442,1149.1245823009606
0,4,0,362.55888491544124,0,1,1,2,0,-162.48663935614226,0.0
0,1,1,703.3164201658244,0,2,3,4,1,-70.24585306289504,0.0
0,3,1,675.5298063794905,0,1,1,3,0,-191.67326375008378,0.0
1,2,1,520.1444745871689,0,3,2,7,0,-185.34201197686184,746.4499006479884
1,3,1,511.93967935640546,0,2,1,3,1,-112.25128955132638,441.08594295325736
0,1,0,583.108665667386,1,2,1,5,1,321.1600000402041,0.0
0,3,1,370.7445394615613,1,2,3,3,1,-932.9586839044106,0.0
1,3,1,504.5047218746123,0,1,2,0,1,777.5328192624634,1287.685032235072
1,3,0,177.14246830862294,0,1,1,6,1,95.16822980129274,624.8577569189539
1,3,1,631.4683468254403,1,1,2,7,1,403.8704756730767,1218.8265815051009
0,3,1,265.7760166337211,0,2,1,5,1,-896.2546300210204,0.0
0,4,0,725.5129742643499,1,1,1,4,1,-475.62502921383884,0.0
0,2,1,450.48198590503245,0,1,2,1,1,-911.2618374302201,0.0
1,4,1,468.24995271032344,1,3,2,8,0,248.4787996627564,960.1568173592572
0,2,1,405.83991408732413,1,1,1,4,1,-749.1700983976202,0.0
1,1,0,456.79416891168853,1,3,3,0,0,1770.059362041191,1235.6638959694085
0,1,0,712.7797017722055,1,3,2,3,1,216.24723221137253,0.0
1,2,1,126.8287015197381,0,1,1,3,1,-250.97385220445994,901.8588860085182
1,4,0,691.5448079132282,1,1,2,3,1,1847.578468136034,1762.631904600964
1,3,1,550.7035221652562,0,1,2,3,1,-247.2648636522594,547.0603274549419
0,4,1,318.9467528214177,0,2,2,3,1,-981.7296530021207,0.0
0,3,0,338.70314104261433,1,2,1,5,1,-457.34929634213995,0.0
0,2,1,751.4589540812304,1,3,2,9,1,-705.9817534148851,0.0
1,1,1,358.17396800859035,1,3,1,4,0,-265.165068153534,415.3109085344274
1,2,0,326.9974234106061,0,2,3,1,1,1626.6786692385858,1380.7798818774784
1,2,1,670.5971813547094,1,1,2,1,0,1071.556861659057,1301.6351005234235
1,1,1,550.7829314428872,1,1,1,3,1,370.31220457223174,1080.2063312278758
1,1,1,359.3111635195402,0,3,2,2,0,383.6137137617841,906.902825258381
0,3,1,532.4937463106928,0,1,3,3,1,-748.376944668272,0.0
1,3,0,346.1370974539584,0,1,3,1,0,1231.1178976046733,1098.6119195875276
0,4,1,665.1232097633908,0,3,1,5,0,-402.66855076898753,0.0
0,4,1,659.20564473097,1,2,1,4,0,-558.8806663334575,0.0
1,3,1,579.8009298232914,1,3,2,10,1,133.4428613342039,945.5577392931796
0,2,1,554.2491591870524,1,2,1,4,0,-804.5115850963639,0.0
0,3,0,764.178218730106,1,1,3,3,1,188.88675994940553,0.0
1,4,1,499.9529491082338,0,3,1,5,0,345.54524964462746,947.7960654021529
0,1,0,322.7188811868798,1,1,1,2,1,-423.0433816974893,0.0
1,2,0,567.421086924846,0,1,1,3,1,896.6683209553538,1055.4442502836746
0,4,0,812.9070574305671,1,2,1,4,1,-72.65122517825134,0.0
0,2,1,347.7860760221222,0,1,2,2,1,-871.8307881137689,0.0
0,3,1,445.78058499590213,1,2,1,1,0,-783.3464142780554,0.0
0,3,1,562.4669057152179,0,1,1,5,0,-574.0626569768015,0.0
1,1,1,491.91427264913915,0,2,1,6,0,509.4279988854089,1082.13757758586
0,2,1,352.6544629434028,1,1,2,7,0,-1218.2994095499785,0.0
1,2,1,668.2786784345706,0,3,1,2,0,768.5408298111033,726.724580935889
0,1,0,848.0061083025889,1,3,2,5,1,272.4910135250442,0.0
1,1,0,529.4197188535861,0,1,2,5,1,961.3766568512526,913.8381460650193
1,4,0,364.38975653959994,1,1,2,7,1,-541.8474228384148,439.5811476077138
1,2,1,267.6559212419787,0,1,3,5,1,515.0382679763537,1254.2247139450299
0,3,1,538.6963971831772,0,1,3,4,1,-744.3409730360908,0.0
0,2,0,665.5816014974387,0,3,3,7,1,91.55212754583647,0.0
0,4,0,571.2751619743073,0,3,1,9,1,-675.698360014643,0.0
1,2,1,499.6394238621719,0,1,1,3,1,307.921839938447,1056.8942191035965
0,2,0,411.60925223160405,0,1,1,5,0,-279.1073022504454,0.0
0,4,1,336.17545509228654,0,1,3,3,1,-930.3312131923957,0.0
1,4,1,625.2126989487323,0,2,3,1,1,625.5667416124321,798.2775442617203
0,1,0,637.0657432078378,0,1,3,5,1,330.5576927056571,0.0
1,4,0,268.14053199639,1,3,1,3,1,989.3815277874712,1360.042476257925
0,2,1,738.4758467271026,0,3,3,4,1,-169.74650331658572,0.0
0,2,1,586.1106831341002,0,1,1,6,1,-664.6691344133368,0.0
1,1,1,709.939196771869,1,2,1,3,1,117.4472635712466,552.5719787031923
0,1,1,298.68083772723276,0,3,1,4,1,-619.1318595488451,0.0
1,3,0,295.12637668768417,1,2,1,8,1,419.8993264170431,866.3587339699383
0,2,1,477.65460353490545,0,1,2,6,1,-1172.8037357178832,0.0
0,2,1,575.4176640342791,0,1,1,2,0,-199.36396102433642,0.0
1,3,1,769.4541234390446,0,3,1,3,1,1608.3835075326,1544.4741805499045
1,4,0,605.9118370722697,1,2,2,6,1,396.66027218988154,1016.3381107889332
1,1,1,463.597808478195,1,2,3,1,1,991.1165181485733,1258.4541664506369
0,3,1,346.0446188501162,0,3,2,2,0,-752.9197060209984,0.0
1,1,0,684.5000859078725,0,3,1,4,1,1029.9287793020846,677.4118290008769
0,4,0,355.2941861373928,1,3,3,0,0,-95.66909996966034,0.0
0,3,1,744.2702832158483,0,1,3,2,0,-78.56965076674074,0.0
1,4,0,457.3423025590236,0,2,1,4,1,848.2885817620037,981.1691726519767
0,1,0,738.5873108926776,1,3,2,7,1,92.05273848984955,0.0
1,1,0,601.8396935088917,1,3,1,3,1,1128.9698104465904,1046.5441056047412
0,2,1,479.45067658363126,0,2,1,3,1,-567.0244728920562,0.0
